cell_barcode,label,probability,classification
AAACCTGAGAATCTCC-4-3,12,0.8717233498316022,singlet
AAACCTGAGCTTCGCG-4-3,12,0.9260770787746108,singlet
AAACCTGAGTTCGCAT-4-3,12,0.9509586038605716,singlet
AAACGGGAGTGTGGCA-4-3,13,0.7072199927879924,singlet
AAACGGGCAGCCTGTG-4-3,12,0.832724880135984,singlet
AAACGGGCAGGCTGAA-4-3,12,0.8641558308537851,singlet
AAACGGGCATGTTCCC-4-3,12,0.83135247726614,singlet
AAACGGGGTAGGACAC-4-3,12,0.9066247955386408,singlet
AAACGGGGTATCAGTC-4-3,12,0.9862106599708002,singlet
AAACGGGGTCGTGGCT-4-3,12,0.8652772069200108,singlet
AAACGGGTCACCCTCA-4-3,13,0.745666982609089,singlet
AAACGGGTCCGTAGGC-4-3,12,0.8096049636309075,singlet
AAAGATGAGGATGCGT-4-3,13,0.7765508405810273,singlet
AAAGATGCAATGGAAT-4-3,12,0.9207710101526164,singlet
AAAGATGCACACCGAC-4-3,12,0.9676528972166716,singlet
AAAGATGCACGGATAG-4-3,12,0.8786947611807135,singlet
AAAGATGCACGGTTTA-4-3,13,0.7403676871966876,singlet
AAAGATGGTAACGACG-4-3,13,0.7493134594790821,singlet
AAAGATGGTATGGTTC-4-3,13,0.7058338525121959,singlet
AAAGATGGTGGTCTCG-4-3,12,0.8633527948229666,singlet
AAAGATGTCCCAGGTG-4-3,12,0.872517293596955,singlet
AAAGATGTCTTCTGGC-4-3,12,0.9315602293043418,singlet
AAAGCAAAGCGCTCCA-4-3,13,0.7818753330259507,singlet
AAAGCAACATGCATGT-4-3,12,0.8669621720327471,singlet
AAAGCAAGTCCGAACC-4-3,12,0.8931130317965337,singlet
AAAGCAATCAAGATCC-4-3,13,0.7946283020734479,singlet
AAAGCAATCGCATGAT-4-3,12,0.8903299869347125,singlet
AAAGTAGAGGTGATTA-4-3,12,0.9067500562863712,singlet
AAAGTAGAGTAGCCGA-4-3,12,0.9598173681188724,singlet
AAAGTAGGTGACTCAT-4-3,12,0.8631041960605301,singlet
AAAGTAGTCCTCTAGC-4-3,13,0.5875711419466024,singlet
AAATGCCAGCTCCTCT-4-3,12,0.8788275941004098,singlet
AAATGCCCAATGCCAT-4-3,12,0.8764055064682752,singlet
AAATGCCCAGACGCCT-4-3,13,0.7486421446116694,singlet
AAATGCCGTGCCTGCA-4-3,12,0.96407745236509,singlet
AAATGCCTCACAATGC-4-3,12,0.8066267977184474,singlet
AAATGCCTCCTCAACC-4-3,12,0.8753741850881746,singlet
AAATGCCTCGGAGCAA-4-3,12,0.8642468975286574,singlet
AACACGTGTGGACGAT-4-3,12,0.8680560876808667,singlet
AACACGTGTTCACGGC-4-3,12,0.8754318234884373,singlet
AACCATGGTAGGCATG-4-3,13,0.7547735001073181,singlet
AACCATGGTCTTCTCG-4-3,13,0.7346609061273233,singlet
AACCATGTCCGTAGGC-4-3,12,0.8652504442218213,singlet
AACCATGTCGAATCCA-4-3,12,0.9615761569180512,singlet
AACCGCGAGACAGACC-4-3,13,0.7655165455156829,singlet
AACCGCGAGAGGACGG-4-3,12,0.8479507994946452,singlet
AACCGCGAGATGTTAG-4-3,0,0.9685478617861648,negative
AACCGCGAGGCTCTTA-4-3,12,0.8641464481879556,singlet
AACGTTGAGCGATATA-4-3,12,0.9590934286607696,singlet
AACGTTGCAATCCGAT-4-3,12,0.8650132046353001,singlet
AACGTTGCAGGCGATA-4-3,12,0.8374842438152136,singlet
AACGTTGGTCAGAAGC-4-3,12,0.8723121582185481,singlet
AACGTTGGTGCACCAC-4-3,12,0.9921810621249044,singlet
AACGTTGTCGAACGGA-4-3,12,0.8539976970533827,singlet
AACTCAGAGCGCTTAT-4-3,12,0.8570118168385374,singlet
AACTCAGAGCGGATCA-4-3,12,0.8736787485997253,singlet
AACTCAGGTAGGGTAC-4-3,13,0.7686517432178481,singlet
AACTCCCAGATGTGTA-4-3,12,0.8713346071382236,singlet
AACTCCCCATTTCACT-4-3,13,0.7516054064940619,singlet
AACTCCCGTCAATGTC-4-3,12,0.955747478580569,singlet
AACTCTTCAAGCGAGT-4-3,12,0.8879786696029041,singlet
AACTCTTCAGCCTATA-4-3,13,0.7543794013635847,singlet
AACTCTTGTAACGTTC-4-3,12,0.9678184251260392,singlet
AACTCTTTCTACTATC-4-3,13,0.5923682409384441,singlet
AACTCTTTCTTGAGAC-4-3,13,0.7484357027402218,singlet
AACTGGTAGCCGCCTA-4-3,13,0.6367179587308199,singlet
AACTGGTCAATGGATA-4-3,12,0.8587622248589791,singlet
AACTGGTGTACAGTGG-4-3,12,0.833564065338789,singlet
AACTTTCGTACTCAAC-4-3,13,0.4849521305189481,singlet
AACTTTCGTATATGGA-4-3,4,0.9580211073068507,singlet
AACTTTCGTTCAGTAC-4-3,12,0.8703850710044321,singlet
AACTTTCTCCCAAGTA-4-3,13,0.7520552611924045,singlet
AAGACCTCACAAGTAA-4-3,12,0.9339502053176322,singlet
AAGCCGCGTTCTGGTA-4-3,12,0.869544281160025,singlet
AAGCCGCGTTTGTGTG-4-3,12,0.875209670174894,singlet
AAGCCGCTCATCGGAT-4-3,13,0.4766005563085427,singlet
AAGCCGCTCGTGGACC-4-3,13,0.6715778625971721,singlet
AAGCCGCTCGTTGACA-4-3,12,0.8868273079452407,singlet
AAGGAGCAGGAGTACC-4-3,12,0.8613037234774924,singlet
AAGGAGCAGTCAATAG-4-3,12,0.8699719267334348,singlet
AAGGAGCTCCACGTGG-4-3,12,0.8429764401675015,singlet
AAGGCAGCATACGCTA-4-3,12,0.8059877869950713,singlet
AAGGCAGGTCGATTGT-4-3,13,0.7373488184253553,singlet
AAGGCAGGTTCATGGT-4-3,12,0.906797825046688,singlet
AAGGCAGTCCAAGTAC-4-3,13,0.5267800586036765,singlet
AAGGTTCGTCTCTTTA-4-3,13,0.4898043511047843,singlet
AAGGTTCTCCTGCAGG-4-3,13,0.7720315706093474,singlet
AAGTCTGCAAGCTGTT-4-3,12,0.8401640723333295,singlet
AAGTCTGCAGATGGGT-4-3,12,0.878736122879526,singlet
AAGTCTGCATGAAGTA-4-3,12,0.8545562224026436,singlet
AAGTCTGGTAAATGTG-4-3,12,0.9259056589451788,singlet
AAGTCTGGTACTTCTT-4-3,13,0.562211295317436,singlet
AAGTCTGGTCATACTG-4-3,12,0.825150422302778,singlet
AAGTCTGGTCTCTTTA-4-3,12,0.9869571773243538,singlet
AAGTCTGGTCTGATCA-4-3,12,0.859990234629815,singlet
AATCCAGAGTGCCATT-4-3,12,0.872573024576599,singlet
AATCCAGTCCAAACAC-4-3,12,0.945619243580286,singlet
AATCCAGTCCCTAACC-4-3,12,0.8616788459088799,singlet
AATCGGTTCGAGCCCA-4-3,12,0.8680259688211178,singlet
ACACCAAAGGGCTCTC-4-3,13,0.7577201047570413,singlet
ACACCCTAGACTCGGA-4-3,12,0.8584080646064688,singlet
ACACCCTCAGGCTGAA-4-3,13,0.6513405872591832,singlet
ACACCCTGTCTACCTC-4-3,12,0.9345040853152102,singlet
ACACCGGAGCGATTCT-4-3,13,0.7992252302059135,singlet
ACACCGGTCTGCGTAA-4-3,13,0.632409158838186,singlet
ACACTGAAGAGTCTGG-4-3,13,0.6331209092730724,singlet
ACACTGAAGGTAGCTG-4-3,12,0.9611608554353636,singlet
ACACTGACATGCCTTC-4-3,12,0.9058789317855028,singlet
ACACTGAGTACCGAGA-4-3,13,0.7315038578054701,singlet
ACAGCCGAGCTAAACA-4-3,13,0.6144555166724728,singlet
ACAGCCGAGTGGGCTA-4-3,12,0.8680262176175728,singlet
ACAGCCGCAAGCGTAG-4-3,12,0.8243456426545156,singlet
ACAGCCGCAGCTCCGA-4-3,12,0.8713622595043984,singlet
ACAGCTACATATGAGA-4-3,13,0.781413697257063,singlet
ACAGCTAGTACATCCA-4-3,13,0.7335716065780592,singlet
ACAGCTAGTACTTGAC-4-3,12,0.8624719108696158,singlet
ACAGCTATCTCACATT-4-3,12,0.9070944322711156,singlet
ACATACGAGTAATCCC-4-3,12,0.9942041456159528,singlet
ACATACGCATTACCTT-4-3,12,0.8453313823224197,singlet
ACATACGGTAGGCTGA-4-3,13,0.7404398647277673,singlet
ACATACGGTGACTACT-4-3,13,0.7552501082966898,singlet
ACATACGGTGCACTTA-4-3,13,0.7507350660233258,singlet
ACATCAGAGCTCCCAG-4-3,12,0.8653933511051675,singlet
ACATCAGCAATGGAGC-4-3,13,0.7745954898870993,singlet
ACATCAGCAATGGATA-4-3,12,0.8446875985256115,singlet
ACATCAGCAGCGTAAG-4-3,12,0.986805203661455,singlet
ACATCAGCATGACATC-4-3,13,0.7520145585729597,singlet
ACATCAGGTTAAAGAC-4-3,13,0.743726491094963,singlet
ACATCAGTCATAAAGG-4-3,12,0.9404127097872712,singlet
ACATCAGTCCGCTGTT-4-3,13,0.7547209794798188,singlet
ACATCAGTCTATCCCG-4-3,12,0.8538166836411285,singlet
ACATGGTAGATCCCGC-4-3,12,0.8631571305806898,singlet
ACATGGTAGGAGTTTA-4-3,12,0.864151028237939,singlet
ACATGGTGTCATATCG-4-3,12,0.8629039740589548,singlet
ACCAGTACAGACACTT-4-3,12,0.8761917450623066,singlet
ACCAGTAGTTATCACG-4-3,13,0.7554052358398236,singlet
ACCAGTATCCTTTCTC-4-3,13,0.792982401062425,singlet
ACCCACTCACACGCTG-4-3,13,0.7325241069728848,singlet
ACCCACTGTGTGACCC-4-3,12,0.8994828687777653,singlet
ACCCACTTCAACTCTT-4-3,12,0.9069585202654316,singlet
ACCCACTTCTCCCTGA-4-3,13,0.7277944684654594,singlet
ACCCACTTCTCGCTTG-4-3,12,0.956659341503698,singlet
ACCGTAAAGTACGATA-4-3,13,0.785102187296195,singlet
ACCGTAACACAAGTAA-4-3,13,0.7576016332383204,singlet
ACCGTAAGTCCTCTTG-4-3,13,0.7777705543968231,singlet
ACCGTAAGTGACTCAT-4-3,12,0.8397608569930576,singlet
ACCGTAATCAGCATGT-4-3,12,0.8586841127234646,singlet
ACCGTAATCCCAACGG-4-3,12,0.8641402532779463,singlet
ACCTTTAAGTGAAGTT-4-3,13,0.7487711234912097,singlet
ACCTTTACAATAAGCA-4-3,12,0.8060313690820542,singlet
ACCTTTAGTCGGCTCA-4-3,12,0.8632175888710433,singlet
ACCTTTAGTGTCCTCT-4-3,13,0.7459935675329644,singlet
ACCTTTAGTTGGTGGA-4-3,12,0.9995099149826424,singlet
ACCTTTAGTTTAAGCC-4-3,12,0.8669756667630916,singlet
ACCTTTATCATACGGT-4-3,13,0.7548256392628593,singlet
ACGAGCCAGGCTCAGA-4-3,13,0.6942350991655412,singlet
ACGAGCCGTCGTTGTA-4-3,12,0.8726468032240225,singlet
ACGAGCCGTTCAGTAC-4-3,13,0.6709392675367067,singlet
ACGAGCCTCGCCGTGA-4-3,13,0.7024446744070739,singlet
ACGAGGACAGTCAGCC-4-3,12,0.8015858670372833,singlet
ACGAGGAGTCCATGAT-4-3,13,0.4577306591428136,singlet
ACGATACAGAAGATTC-4-3,12,0.8787042876431692,singlet
ACGATACAGCGTGAGT-4-3,13,0.7259470248694861,singlet
ACGATACGTAAATGTG-4-3,12,0.8627502654224875,singlet
ACGATACGTCGCGGTT-4-3,12,0.8732283010671604,singlet
ACGATACTCATCTGTT-4-3,12,0.8618030469137522,singlet
ACGATGTCAAACCCAT-4-3,12,0.9919950819840933,singlet
ACGATGTCACGGTGTC-4-3,13,0.7492935863070441,singlet
ACGATGTCAGCATACT-4-3,12,0.8706314512680531,singlet
ACGATGTCATCGGGTC-4-3,12,0.9065670089014924,singlet
ACGATGTGTACCGTAT-4-3,12,0.8684700851879692,singlet
ACGATGTGTCGCTTTC-4-3,12,0.904621570839082,singlet
ACGCAGCAGGCATGGT-4-3,12,0.8626582007959979,singlet
ACGCAGCCACACTGCG-4-3,13,0.5652194211714168,singlet
ACGCAGCCACAGCGTC-4-3,13,0.6421166942064376,singlet
ACGCAGCGTAGTACCT-4-3,12,0.8576944058441026,singlet
ACGCAGCGTCTCTCGT-4-3,12,0.8604705031695676,singlet
ACGCAGCGTGGGTATG-4-3,13,0.7635095631395613,singlet
ACGCAGCTCCGATATG-4-3,12,0.8532732871153096,singlet
ACGCCAGCAACCGCCA-4-3,13,0.7433680351438487,singlet
ACGCCAGCATTACGAC-4-3,13,0.7472784148269731,singlet
ACGCCGAGTCGCTTTC-4-3,12,0.8190724876143196,singlet
ACGCCGATCAGTCAGT-4-3,12,0.8483281233292078,singlet
ACGCCGATCTCTGAGA-4-3,12,0.8782964549441934,singlet
ACGGAGAAGGTGATTA-4-3,13,0.7905969331153814,singlet
ACGGAGACACTTAACG-4-3,13,0.7807721135799605,singlet
ACGGAGACATGCAATC-4-3,13,0.7575126322436393,singlet
ACGGAGAGTCAATGTC-4-3,12,0.8594504417450406,singlet
ACGGAGAGTCTAGAGG-4-3,12,0.9612384890532728,singlet
ACGGAGAGTTATCGGT-4-3,12,0.8438777034973767,singlet
ACGGAGATCTGTTGAG-4-3,12,0.9567665893727006,singlet
ACGGCCAAGTGACATA-4-3,13,0.7817721814383484,singlet
ACGGCCACAAGCGCTC-4-3,12,0.864130959034092,singlet
ACGGCCACATCTCGCT-4-3,12,0.8118670790611057,singlet
ACGGGCTAGTCCGGTC-4-3,13,0.7576901397105442,singlet
ACGGGCTCAAGCGAGT-4-3,13,0.5524779520581025,singlet
ACGGGTCCAAAGTCAA-4-3,12,0.8670002164214402,singlet
ACGTCAACACCTTGTC-4-3,12,0.872237601877987,singlet
ACGTCAAGTAATCGTC-4-3,13,0.7687444150722593,singlet
ACGTCAAGTTCCACAA-4-3,13,0.6479766364479647,singlet
ACGTCAATCCGCATCT-4-3,12,0.9922267729387368,singlet
ACGTCAATCTGATACG-4-3,12,0.8776210090203179,singlet
ACTATCTAGACCGGAT-4-3,12,0.8675069238287392,singlet
ACTATCTCAAGTACCT-4-3,12,0.9054889483265278,singlet
ACTATCTCACACATGT-4-3,12,0.8646497891206013,singlet
ACTATCTCAGACAAAT-4-3,12,0.8977943795631201,singlet
ACTATCTGTACCGAGA-4-3,12,0.9554303736034164,singlet
ACTATCTGTTCCAACA-4-3,13,0.5186551290603421,singlet
ACTGAACCACAACGCC-4-3,12,0.9532363425376,singlet
ACTGAACCACCCATTC-4-3,12,0.8681583645148659,singlet
ACTGAACCATTATCTC-4-3,12,0.9064195333921112,singlet
ACTGAACGTGTGACGA-4-3,13,0.5062150571786163,singlet
ACTGAACTCTCAACTT-4-3,12,0.8550403510383957,singlet
ACTGAACTCTTGTATC-4-3,12,0.8416621146987481,singlet
ACTGAGTAGTGATCGG-4-3,12,0.926587423849857,singlet
ACTGAGTCATGGAATA-4-3,13,0.4892697869409669,singlet
ACTGAGTGTATTACCG-4-3,12,0.8926740703880535,singlet
ACTGAGTGTGCAACGA-4-3,12,0.8400951192503308,singlet
ACTGAGTGTTCAGGCC-4-3,12,0.9814411387886044,singlet
ACTGAGTTCAGAGCTT-4-3,12,0.9653731846290178,singlet
ACTGATGAGCGTGAGT-4-3,13,0.7443466351442152,singlet
ACTGATGCAGGTGGAT-4-3,12,0.8584352430766516,singlet
ACTGATGCATAGACTC-4-3,13,0.7945506866662757,singlet
ACTGATGGTAATCACC-4-3,12,0.9015379842186976,singlet
ACTGATGTCAGAGGTG-4-3,13,0.756801838438342,singlet
ACTGCTCAGACGACGT-4-3,13,0.7344175028348118,singlet
ACTGCTCAGTTACGGG-4-3,12,0.8485199587323106,singlet
ACTGCTCCAAACTGTC-4-3,12,0.8720343257310613,singlet
ACTGCTCTCAGGATCT-4-3,12,0.906534602565254,singlet
ACTGCTCTCTGCTTGC-4-3,12,0.9685704162063176,singlet
ACTGTCCCACATTTCT-4-3,12,0.8515660661247082,singlet
ACTGTCCCACTACAGT-4-3,13,0.7209451830787855,singlet
ACTGTCCCATGGTTGT-4-3,12,0.8618858719207683,singlet
ACTGTCCGTGCTCTTC-4-3,12,0.9686331403164242,singlet
ACTGTCCGTGGCGAAT-4-3,12,0.9255152033284172,singlet
ACTGTCCTCAAGATCC-4-3,13,0.7341174569706972,singlet
ACTTACTAGCGATGAC-4-3,12,0.8654070782715138,singlet
ACTTACTCATTCGACA-4-3,13,0.766627181736612,singlet
ACTTGTTAGCGATGAC-4-3,12,0.9173006778760217,singlet
ACTTGTTCAGCAGTTT-4-3,12,0.8775744483532649,singlet
ACTTGTTCAGCCAGAA-4-3,13,0.7566903773634175,singlet
ACTTGTTCATTTCACT-4-3,12,0.8602862787931942,singlet
ACTTGTTGTACGCACC-4-3,12,0.8603726138269758,singlet
ACTTTCAGTAAAGGAG-4-3,13,0.7427394200035792,singlet
ACTTTCAGTAACGACG-4-3,12,0.8674274300585607,singlet
ACTTTCATCACTTATC-4-3,12,0.959374190775516,singlet
AGAATAGAGCCAGAAC-4-3,13,0.5235715315564499,singlet
AGAATAGCACGAAATA-4-3,13,0.7554899607202674,singlet
AGAATAGCACGCGAAA-4-3,12,0.8712933325477249,singlet
AGAATAGCAGATGGGT-4-3,13,0.6021522108390105,singlet
AGAATAGCATCCAACA-4-3,13,0.4818116059584628,singlet
AGAATAGGTATAAACG-4-3,12,0.8699539176976097,singlet
AGAATAGGTCACAAGG-4-3,12,0.8595833655470373,singlet
AGAATAGGTCAGAGGT-4-3,12,0.8917022920825215,singlet
AGAATAGGTCGGCATC-4-3,13,0.7484405723438983,singlet
AGAATAGTCACAACGT-4-3,13,0.7021714364052795,singlet
AGACGTTAGGAATCGC-4-3,12,0.9041471741202828,singlet
AGACGTTGTACCGAGA-4-3,3,0.8530686132976742,singlet
AGACGTTGTATCGCAT-4-3,13,0.7444142967581406,singlet
AGACGTTGTGCAGTAG-4-3,13,0.7501199232507432,singlet
AGACGTTTCGGAAACG-4-3,12,0.8762381630228285,singlet
AGAGCGAAGAAGATTC-4-3,13,0.7354200858718978,singlet
AGAGCGAAGTCGCCGT-4-3,12,0.8678145767397083,singlet
AGAGCGAGTTATGTGC-4-3,12,0.8157357785101417,singlet
AGAGCGATCAGAGGTG-4-3,12,0.844095773011905,singlet
AGAGCGATCCGCATCT-4-3,13,0.7821800454325742,singlet
AGAGCTTAGCTGCAAG-4-3,13,0.7820815304929195,singlet
AGAGCTTCAATAACGA-4-3,13,0.7560423504406434,singlet
AGAGTGGGTTTGTTGG-4-3,12,0.89819674640628,singlet
AGATCTGAGATACACA-4-3,13,0.7280237546047675,singlet
AGATCTGCAGGGTTAG-4-3,12,0.9045319381776608,singlet
AGATCTGTCATCACCC-4-3,13,0.6120112614090466,singlet
AGATCTGTCCCTTGTG-4-3,12,0.8625164688595233,singlet
AGATTGCAGAGCCTAG-4-3,13,0.7546619160073286,singlet
AGATTGCAGCGAAGGG-4-3,13,0.622866455308931,singlet
AGATTGCAGTATTGGA-4-3,12,0.8658717625589969,singlet
AGATTGCAGTGCCAGA-4-3,12,0.8612402951089415,singlet
AGATTGCCATTACCTT-4-3,12,0.9939281412230958,singlet
AGATTGCGTGTGGCTC-4-3,12,0.8721818918701579,singlet
AGATTGCTCGAATCCA-4-3,12,0.8275048199631728,singlet
AGATTGCTCGACAGCC-4-3,12,0.9636242752332576,singlet
AGATTGCTCGAGAGCA-4-3,13,0.7509130026141536,singlet
AGATTGCTCTCCAACC-4-3,12,0.8662107077512856,singlet
AGATTGCTCTTCGGTC-4-3,13,0.6681021817836634,singlet
AGCATACCATCGGGTC-4-3,12,0.8269018718744604,singlet
AGCATACTCATCACCC-4-3,12,0.9345749256024748,singlet
AGCCTAAAGAGGTACC-4-3,13,0.5442992290262573,singlet
AGCCTAACAGTCAGCC-4-3,12,0.934903328414365,singlet
AGCGGTCCAGGGCATA-4-3,12,0.8670010954682372,singlet
AGCGTATAGCCACTAT-4-3,13,0.7554023003568279,singlet
AGCGTATCAAAGCAAT-4-3,13,0.7427574529420802,singlet
AGCGTCGAGCCGGTAA-4-3,12,0.8943674588886368,singlet
AGCGTCGCAGCCACCA-4-3,13,0.7721331703935397,singlet
AGCGTCGGTGGACGAT-4-3,12,0.8450270994428392,singlet
AGCTCCTAGGGTGTTG-4-3,12,0.8718184584261293,singlet
AGCTCCTTCAGCTGGC-4-3,12,0.8717526746923931,singlet
AGCTCTCAGGCGACAT-4-3,12,0.8514255746265618,singlet
AGCTCTCAGGTACTCT-4-3,13,0.7126729811292553,singlet
AGCTCTCCACCCAGTG-4-3,12,0.8567518551767996,singlet
AGCTCTCCACGCCAGT-4-3,12,0.953100214795585,singlet
AGCTCTCGTCAGAAGC-4-3,12,0.8646975274401891,singlet
AGCTCTCGTCTCAACA-4-3,12,0.967737963464313,singlet
AGCTCTCGTGCGAAAC-4-3,13,0.6565295007855754,singlet
AGCTCTCTCGTGGTCG-4-3,12,0.8973496462847764,singlet
AGCTCTCTCTGGTATG-4-3,12,0.904706740962999,singlet
AGCTTGAAGCACCGTC-4-3,12,0.9517131159494802,singlet
AGCTTGAAGCGTGTCC-4-3,12,0.9143052077867684,singlet
AGCTTGATCCCTAATT-4-3,12,0.8667451139549854,singlet
AGGCCACAGACCTAGG-4-3,12,0.8746978259575593,singlet
AGGCCACGTTCGGGCT-4-3,12,0.8706702280859087,singlet
AGGCCACGTTCTGGTA-4-3,12,0.8326129858763421,singlet
AGGCCGTAGACTAAGT-4-3,12,0.8177234786143709,singlet
AGGCCGTCATGGGAAC-4-3,12,0.8668388355507455,singlet
AGGCCGTTCTGTCAAG-4-3,12,0.9024988771068316,singlet
AGGGAGTAGGCGTACA-4-3,12,0.949082614936404,singlet
AGGGAGTAGTATCGAA-4-3,12,0.8642148384304419,singlet
AGGGAGTAGTGAACGC-4-3,13,0.6901106347462336,singlet
AGGGAGTCAGTCGTGC-4-3,12,0.8784372882756721,singlet
AGGGAGTGTTACGTCA-4-3,13,0.7439379600549564,singlet
AGGGAGTGTTTGTTGG-4-3,12,0.9657660051018764,singlet
AGGGATGAGAATAGGG-4-3,12,0.8692008906933523,singlet
AGGGATGAGCCACGCT-4-3,12,0.8625757982576844,singlet
AGGGATGAGCCCAGCT-4-3,12,0.871025532287629,singlet
AGGGATGCATGGATGG-4-3,13,0.4514402423347677,singlet
AGGGATGGTGATGTCT-4-3,13,0.7816913839222014,singlet
AGGGATGTCCGATATG-4-3,12,0.8579505273377712,singlet
AGGGTGAAGACTAGGC-4-3,12,0.8366117001968787,singlet
AGGGTGAGTCAATGTC-4-3,13,0.7063908788094475,singlet
AGGGTGATCTCTGAGA-4-3,12,0.8759037972098067,singlet
AGGTCATAGAAGGACA-4-3,13,0.6938833031347232,singlet
AGGTCATGTTCCGGCA-4-3,12,0.8757249667545319,singlet
AGGTCCGAGGCTCTTA-4-3,13,0.7377544254686952,singlet
AGGTCCGCACGTTGGC-4-3,12,0.8575642479572765,singlet
AGGTCCGGTCCAACTA-4-3,12,0.8913020249024005,singlet
AGGTCCGTCAGAGCTT-4-3,13,0.7509415168814652,singlet
AGGTCCGTCCAAAGTC-4-3,12,0.87601502010639,singlet
AGTAGTCAGGAGTCTG-4-3,13,0.5372162165081478,singlet
AGTAGTCAGTGGAGTC-4-3,13,0.4436661635017882,singlet
AGTAGTCAGTTAGGTA-4-3,13,0.7457438331687154,singlet
AGTAGTCCACAGGCCT-4-3,13,0.7817682050589233,singlet
AGTAGTCGTAGGCATG-4-3,12,0.8678062243182194,singlet
AGTAGTCTCCGATATG-4-3,12,0.8405454057698419,singlet
AGTCTTTTCACCCTCA-4-3,13,0.7574750968979465,singlet
AGTCTTTTCTTCATGT-4-3,12,0.8762073003342175,singlet
AGTGAGGAGCTGTTCA-4-3,12,0.8610055664616005,singlet
AGTGAGGCAGTCAGCC-4-3,12,0.967987858893188,singlet
AGTGAGGTCATCGGAT-4-3,13,0.7871003106467537,singlet
AGTGGGAAGATGCCTT-4-3,13,0.6519972896172566,singlet
AGTGGGACATGACATC-4-3,12,0.8702975763206123,singlet
AGTGGGAGTCAAAGAT-4-3,13,0.7495153514140964,singlet
AGTGGGAGTCCATGAT-4-3,12,0.8189235458767963,singlet
AGTGGGAGTGCCTGGT-4-3,12,0.8767216174065607,singlet
AGTGGGAGTGGTAACG-4-3,13,0.742275995565173,singlet
AGTGTCACAAGGTGTG-4-3,12,0.8614820958232182,singlet
AGTGTCATCCCTCTTT-4-3,13,0.765777808890665,singlet
AGTGTCATCGTCGTTC-4-3,12,0.8331474501986382,singlet
AGTTGGTAGCATCATC-4-3,13,0.7509850686529597,singlet
AGTTGGTAGCGCCTTG-4-3,13,0.5788692000968054,singlet
AGTTGGTAGTCAAGCG-4-3,12,0.8629578850310778,singlet
AGTTGGTCAATGGATA-4-3,13,0.7819144390688199,singlet
AGTTGGTGTAGAGCTG-4-3,12,0.9540495854368138,singlet
AGTTGGTGTTGATTGC-4-3,12,0.8953428290818757,singlet
AGTTGGTTCTGGCGAC-4-3,12,0.8630566593162149,singlet
ATAACGCAGGACCACA-4-3,12,0.9987131530185428,singlet
ATAACGCAGTGACTCT-4-3,12,0.9458852034748076,singlet
ATAAGAGAGTACGATA-4-3,13,0.7578609847460422,singlet
ATAAGAGAGTGGTAAT-4-3,12,0.8979900915219952,singlet
ATAAGAGGTTCGCGAC-4-3,12,0.8756373799525695,singlet
ATAAGAGGTTTGCATG-4-3,12,0.9283132577722716,singlet
ATAGACCCACACTGCG-4-3,12,0.9319273641935728,singlet
ATAGACCTCGTACGGC-4-3,13,0.7790810716873915,singlet
ATCACGAAGAAGGTTT-4-3,12,0.8513378463617206,singlet
ATCACGAAGATCGGGT-4-3,12,0.8554782700191425,singlet
ATCACGACAAATTGCC-4-3,12,0.8624801584703814,singlet
ATCATCTGTGTAACGG-4-3,12,0.8505905125087381,singlet
ATCATCTTCAGCTGGC-4-3,12,0.8179080261712834,singlet
ATCATCTTCGTCTGAA-4-3,13,0.7785181051152973,singlet
ATCATGGAGTGGAGTC-4-3,13,0.6152089785857033,singlet
ATCATGGCACAACTGT-4-3,12,0.8142714833346698,singlet
ATCATGGGTCGATTGT-4-3,12,0.8506159275318473,singlet
ATCATGGGTGTTTGTG-4-3,12,0.8782646188094092,singlet
ATCATGGTCCGAGCCA-4-3,13,0.757970791429216,singlet
ATCCACCCACCAGTTA-4-3,12,0.8798435830397139,singlet
ATCCACCCAGGTGGAT-4-3,12,0.8723780116144371,singlet
ATCCACCCAGTATAAG-4-3,12,0.869021406936351,singlet
ATCCACCCATTCCTGC-4-3,13,0.781665381121033,singlet
ATCCACCTCATCATTC-4-3,2,0.9991911817865976,singlet
ATCCGAAAGAACAATC-4-3,12,0.877645652697177,singlet
ATCCGAAAGAACTCGG-4-3,12,0.8765309627472055,singlet
ATCCGAAAGAAGAAGC-4-3,13,0.74699835354547,singlet
ATCCGAACAGTTCCCT-4-3,13,0.7485137253707778,singlet
ATCCGAACATGCCCGA-4-3,13,0.7454764673897086,singlet
ATCCGAAGTCCATCCT-4-3,13,0.542793268964262,singlet
ATCCGAATCAACACTG-4-3,12,0.959369223271768,singlet
ATCCGAATCCGAACGC-4-3,4,0.998541353379874,singlet
ATCGAGTAGACGCACA-4-3,12,0.8493603693513736,singlet
ATCGAGTAGTGGAGTC-4-3,13,0.7937982048104051,singlet
ATCGAGTCATATGCTG-4-3,13,0.7432642054211637,singlet
ATCGAGTGTGTCAATC-4-3,12,0.8893042015139542,singlet
ATCTACTAGTGAATTG-4-3,13,0.76927443923134,singlet
ATCTACTAGTTGAGTA-4-3,12,0.8524612583370095,singlet
ATCTACTCAGACGCCT-4-3,12,0.8681031545883907,singlet
ATCTACTGTTCCGTCT-4-3,12,0.8301000251000601,singlet
ATCTACTTCGTCTGCT-4-3,13,0.4896938301489042,singlet
ATCTACTTCTGCCCTA-4-3,12,0.8749217409992732,singlet
ATCTGCCGTCCGTGAC-4-3,12,0.8222373291218955,singlet
ATCTGCCGTCTAGTGT-4-3,12,0.968889280160767,singlet
ATCTGCCGTGGCCCTA-4-3,12,0.8768102828340192,singlet
ATCTGCCTCACATAGC-4-3,13,0.7657052366372231,singlet
ATCTGCCTCCCAAGTA-4-3,13,0.6639043339946435,singlet
ATCTGCCTCCCTCAGT-4-3,13,0.6106919564197957,singlet
ATCTGCCTCCCTTGCA-4-3,12,0.8678728507564493,singlet
ATCTGCCTCCGCGCAA-4-3,12,0.8684666966421798,singlet
ATCTGCCTCGACAGCC-4-3,12,0.8171170961165292,singlet
ATCTGCCTCGCAAGCC-4-3,12,0.8741851336166806,singlet
ATCTGCCTCGCGTAGC-4-3,13,0.7522384653582128,singlet
ATCTGCCTCTAACTGG-4-3,12,0.8329645209557295,singlet
ATGAGGGAGAGCCTAG-4-3,13,0.782101063357962,singlet
ATGAGGGCATACTCTT-4-3,12,0.8646400126547389,singlet
ATGAGGGTCTATCCCG-4-3,12,0.8454905185340957,singlet
ATGCGATAGACACGAC-4-3,12,0.8722134195416795,singlet
ATGCGATTCAAACAAG-4-3,12,0.8191393181524803,singlet
ATGCGATTCAAGAAGT-4-3,13,0.4556577239127382,singlet
ATGCGATTCACTGGGC-4-3,12,0.8757144761291187,singlet
ATGCGATTCATGTAGC-4-3,12,0.8729809804366971,singlet
ATGCGATTCTGTTTGT-4-3,12,0.8704037643870218,singlet
ATGGGAGAGCCGCCTA-4-3,12,0.858128988774376,singlet
ATGGGAGAGTACACCT-4-3,12,0.8646237009091072,singlet
ATGTGTGAGGATGTAT-4-3,12,0.8331773473208199,singlet
ATGTGTGAGGCAAAGA-4-3,12,0.8552847071579761,singlet
ATGTGTGGTAGCGTGA-4-3,13,0.6103506032721013,singlet
ATGTGTGGTGAGGGAG-4-3,13,0.7485214184016301,singlet
ATTACTCAGTCTCCTC-4-3,12,0.8647448117891366,singlet
ATTACTCCAGGGATTG-4-3,12,0.8517624232878035,singlet
ATTATCCGTACCGCTG-4-3,12,0.9027756520269096,singlet
ATTATCCGTCGCGTGT-4-3,13,0.6525421591771294,singlet
ATTATCCGTCTACCTC-4-3,13,0.7429183784345755,singlet
ATTATCCGTGCGAAAC-4-3,13,0.7253733701202936,singlet
ATTCTACCACAGGCCT-4-3,12,0.8723255627680677,singlet
ATTCTACGTGACTCAT-4-3,12,0.870473530542533,singlet
ATTCTACGTGCTCTTC-4-3,12,0.878165148043829,singlet
ATTGGACAGAGGGATA-4-3,12,0.865547915773231,singlet
ATTGGACAGCCGATTT-4-3,12,0.8748500219983297,singlet
ATTGGACGTACGCACC-4-3,12,0.8661357319660568,singlet
ATTGGACGTAGGACAC-4-3,13,0.7742464582586023,singlet
ATTGGACGTTCCTCCA-4-3,12,0.8696686454067694,singlet
ATTGGACTCTACGAGT-4-3,12,0.9570882289194742,singlet
ATTGGACTCTTCATGT-4-3,12,0.8337626818948366,singlet
ATTGGTGAGAGCAATT-4-3,12,0.8666540815607544,singlet
ATTGGTGAGGAGTAGA-4-3,13,0.3915091889834565,singlet
ATTTCTGAGCTAGCCC-4-3,13,0.6844427770345146,singlet
ATTTCTGGTAGCGTGA-4-3,13,0.7766077818784505,singlet
ATTTCTGGTTAAGTAG-4-3,12,0.870598143286094,singlet
CAACCAACATTCGACA-4-3,12,0.8633162893710175,singlet
CAACCAAGTTCCACGG-4-3,12,0.9605925720606484,singlet
CAACCTCAGCGTTTAC-4-3,13,0.7822303580171605,singlet
CAACCTCTCATCGCTC-4-3,13,0.7505799514243217,singlet
CAACCTCTCCACGTTC-4-3,12,0.842803377351161,singlet
CAACTAGCAGACGCAA-4-3,12,0.8100134700079175,singlet
CAACTAGTCGAATGCT-4-3,12,0.8783614304810856,singlet
CAACTAGTCGCCTGAG-4-3,12,0.8909797603048311,singlet
CAAGAAACACCAGGTC-4-3,12,0.8659771616418089,singlet
CAAGAAACACGCTTTC-4-3,13,0.7721932784020183,singlet
CAAGAAAGTCCGTGAC-4-3,13,0.7507951576121968,singlet
CAAGATCCACGGCTAC-4-3,12,0.8603874841276901,singlet
CAAGATCCAGCTCGCA-4-3,13,0.673960846648984,singlet
CAAGATCCATATACGC-4-3,12,0.8582159688905001,singlet
CAAGATCGTAGCGTCC-4-3,13,0.7277917452102418,singlet
CAAGGCCCAGGAACGT-4-3,12,0.8454476857859407,singlet
CAAGGCCTCATCGCTC-4-3,13,0.7734585813443181,singlet
CAAGTTGAGGCATTGG-4-3,12,0.8522321335676959,singlet
CAAGTTGCAGCCAATT-4-3,12,0.8779987072462552,singlet
CAAGTTGGTTTCGCTC-4-3,13,0.5308902327070494,singlet
CAAGTTGTCTCTAAGG-4-3,13,0.5435312844825553,singlet
CACAAACAGACAAAGG-4-3,13,0.7523190054607685,singlet
CACAAACAGATGCCAG-4-3,12,0.8720315885538965,singlet
CACAAACCAACTGGCC-4-3,12,0.9994102301715416,singlet
CACAAACGTCTTTCAT-4-3,13,0.7444073823348596,singlet
CACAAACGTGCAGTAG-4-3,13,0.7519246137704557,singlet
CACAAACGTTCTGAAC-4-3,13,0.752333088361264,singlet
CACACAAAGTGGGATC-4-3,13,0.718119974108579,singlet
CACACAAGTAGGCATG-4-3,12,0.8787820998233806,singlet
CACACAATCACGCATA-4-3,12,0.9869813463041832,singlet
CACACAATCAGTCCCT-4-3,12,0.9681456765830554,singlet
CACACCTAGAAACCTA-4-3,12,0.9136857444368244,singlet
CACACCTAGCTACCGC-4-3,12,0.878521341759297,singlet
CACACCTCACGAAATA-4-3,12,0.8693872251819189,singlet
CACACCTCACGCCAGT-4-3,12,0.9004016988164778,singlet
CACACCTGTTAAAGAC-4-3,12,0.8752108286214818,singlet
CACACCTTCTAACTTC-4-3,12,0.8916195840649535,singlet
CACACCTTCTGAAAGA-4-3,13,0.7768074062691088,singlet
CACACTCAGCGATATA-4-3,12,0.8650675179120193,singlet
CACACTCCAAGCCGCT-4-3,12,0.9279288364982984,singlet
CACACTCCACCGAATT-4-3,13,0.4320598247614613,singlet
CACACTCGTACCGAGA-4-3,12,0.8691783759904836,singlet
CACACTCGTTCAACCA-4-3,12,0.8782036421707063,singlet
CACACTCTCAGCGATT-4-3,12,0.9022119770246,singlet
CACACTCTCTCGCATC-4-3,12,0.8133616296700417,singlet
CACAGGCAGACCGGAT-4-3,12,0.8422174563589417,singlet
CACAGGCAGTGGCACA-4-3,12,0.8629563664435621,singlet
CACAGGCCAGCTCGCA-4-3,12,0.9576489544659968,singlet
CACAGGCGTGACGGTA-4-3,12,0.8567322203138987,singlet
CACAGGCGTGGACGAT-4-3,12,0.8720505386435231,singlet
CACAGTAAGGAGTTGC-4-3,13,0.736172565444447,singlet
CACAGTAGTCCGCTGA-4-3,13,0.4373169831656541,singlet
CACAGTATCCACGAAT-4-3,12,0.8706816968950578,singlet
CACATAGAGTGCCATT-4-3,13,0.7513353020681395,singlet
CACATAGGTGACTACT-4-3,12,0.8668271141492363,singlet
CACATAGGTGGCGAAT-4-3,13,0.7261503380626567,singlet
CACATTTAGTACGCGA-4-3,12,0.8594438553368408,singlet
CACATTTCACGCCAGT-4-3,12,0.9321793731279252,singlet
CACATTTGTCGAGTTT-4-3,12,0.9532449851858052,singlet
CACATTTGTCTTCGTC-4-3,13,0.7668317575505581,singlet
CACATTTTCATTCACT-4-3,12,0.8703314594293253,singlet
CACCACTAGAAACGCC-4-3,13,0.6989902772119612,singlet
CACCACTAGGTCGGAT-4-3,13,0.6856263253285424,singlet
CACCACTCATCACGAT-4-3,12,0.8143801069174543,singlet
CACCACTGTGCCTGGT-4-3,13,0.4907185883107403,singlet
CACCACTTCGTAGGTT-4-3,12,0.8660740453697586,singlet
CACCAGGCACGAGGTA-4-3,13,0.5526551820747485,singlet
CACCAGGCACTGTGTA-4-3,13,0.6547082992399799,singlet
CACCAGGGTGCGGTAA-4-3,12,0.961871189251918,singlet
CACCAGGGTTCCACGG-4-3,13,0.6652702629648909,singlet
CACCAGGTCAACACAC-4-3,12,0.8622545609341615,singlet
CACCTTGCAAACTGCT-4-3,12,0.8722925688618498,singlet
CACCTTGGTCTGGAGA-4-3,12,0.8837317680077917,singlet
CACCTTGTCCACGCAG-4-3,12,0.8122934901410876,singlet
CACCTTGTCGACCAGC-4-3,12,0.8615730059036887,singlet
CACTCCACAGGCTGAA-4-3,12,0.8280871862850709,singlet
CACTCCAGTATTCGTG-4-3,12,0.8917756800638043,singlet
CAGAATCAGTGACTCT-4-3,13,0.7981352526094273,singlet
CAGAATCGTAACGCGA-4-3,12,0.8255624070754288,singlet
CAGAGAGAGGCTAGCA-4-3,12,0.872426259002724,singlet
CAGAGAGCAACGCACC-4-3,12,0.8942914320705825,singlet
CAGAGAGCAGTGGGAT-4-3,13,0.6428326329601095,singlet
CAGAGAGTCATCGATG-4-3,12,0.8710536906643694,singlet
CAGATCAAGGTAAACT-4-3,13,0.7507358512233695,singlet
CAGATCACAGACACTT-4-3,12,0.9277995554574424,singlet
CAGATCAGTTAAGACA-4-3,13,0.7965043354544011,singlet
CAGATCATCCTATGTT-4-3,12,0.942448703160242,singlet
CAGCAGCGTGAAATCA-4-3,12,0.9975880838008088,singlet
CAGCAGCTCAACACTG-4-3,12,0.8972989345879514,singlet
CAGCAGCTCCACTCCA-4-3,12,0.9512393977973062,singlet
CAGCATAAGTCCTCCT-4-3,13,0.3378322413449598,singlet
CAGCATACAGGTTTCA-4-3,12,0.8673489676303002,singlet
CAGCATAGTCAACATC-4-3,12,0.8894805838967453,singlet
CAGCATAGTGAGGCTA-4-3,12,0.8680103588237051,singlet
CAGCATATCGGCTACG-4-3,13,0.7893236828186022,singlet
CAGCCGAAGTGCTGCC-4-3,12,0.8732842783255346,singlet
CAGCCGACAAACTGTC-4-3,12,0.8036643717230132,singlet
CAGCCGACAGATCGGA-4-3,13,0.6748750426254138,singlet
CAGCCGAGTTCAACCA-4-3,12,0.8672024022691794,singlet
CAGCGACAGCACCGTC-4-3,13,0.7463170282870971,singlet
CAGCGACCACGCTTTC-4-3,12,0.8373908433005931,singlet
CAGCGACCAGTCAGAG-4-3,12,0.9188565458111516,singlet
CAGCGACGTCCGAACC-4-3,13,0.7596709536273478,singlet
CAGCGACGTCCGTCAG-4-3,13,0.7819221122612882,singlet
CAGCGACGTCTCGTTC-4-3,12,0.8983608026963079,singlet
CAGCTAAAGAGAGCTC-4-3,13,0.4947025050734026,singlet
CAGCTAAAGGAATTAC-4-3,13,0.7516969513627371,singlet
CAGCTAACAGATCCAT-4-3,12,0.8416411921402687,singlet
CAGCTAATCGTCCGTT-4-3,13,0.748980994870006,singlet
CAGCTGGAGTGACATA-4-3,13,0.740181430941701,singlet
CAGCTGGAGTGGTAAT-4-3,12,0.9570562344395396,singlet
CAGCTGGGTCACCCAG-4-3,12,0.8540999890080402,singlet
CAGCTGGGTCACTTCC-4-3,12,0.8683915522951982,singlet
CAGCTGGGTGTGGCTC-4-3,12,0.94980685661763,singlet
CAGCTGGTCGGCTTGG-4-3,13,0.2867135791980049,singlet
CAGGTGCAGCTTCGCG-4-3,12,0.8719723689371329,singlet
CAGTAACGTCATCCCT-4-3,12,0.8719295930493208,singlet
CAGTAACTCTGTCAAG-4-3,13,0.722491949541383,singlet
CAGTCCTGTTAAGACA-4-3,13,0.7823043287436694,singlet
CATATTCAGCAATCTC-4-3,12,0.8788263528650312,singlet
CATATTCCACTCGACG-4-3,12,0.8333377463371674,singlet
CATATTCTCTTTAGTC-4-3,12,0.999229763734018,singlet
CATCAAGAGCTTCGCG-4-3,13,0.7823739090075557,singlet
CATCAAGGTGAAAGAG-4-3,2,0.912851021688475,singlet
CATCAAGTCCGCAGTG-4-3,12,0.8697854371215682,singlet
CATCAGAAGCGCCTCA-4-3,3,0.8599185483401679,singlet
CATCAGACAAACGTGG-4-3,13,0.7761474078216796,singlet
CATCAGACAGGACCCT-4-3,12,0.8564746817046532,singlet
CATCAGAGTAGGCATG-4-3,13,0.7542965810853814,singlet
CATCAGATCATACGGT-4-3,12,0.9584208955185488,singlet
CATCAGATCCGAACGC-4-3,12,0.945706315867478,singlet
CATCCACAGGGTATCG-4-3,13,0.637791495870022,singlet
CATCCACCATGCGCAC-4-3,12,0.9618545453938042,singlet
CATCCACGTTACGGAG-4-3,13,0.6359698366476001,singlet
CATCGAACAAGGGTCA-4-3,13,0.7400409688817302,singlet
CATCGGGCAGAGCCAA-4-3,13,0.7987494781150292,singlet
CATCGGGGTCTAAAGA-4-3,13,0.7492381509087366,singlet
CATCGGGGTGAAGGCT-4-3,13,0.7897381187341679,singlet
CATCGGGTCAGAGCTT-4-3,12,0.8739148236730092,singlet
CATGACAAGATAGCAT-4-3,12,0.850204810746166,singlet
CATGACACACCAGCAC-4-3,12,0.9659338608583794,singlet
CATGACATCTATCCTA-4-3,13,0.7871700345639072,singlet
CATGCCTAGTTCCACA-4-3,13,0.5169141204731377,singlet
CATGCCTTCATAAAGG-4-3,12,0.8633421851306085,singlet
CATGGCGAGCACGCCT-4-3,12,0.9587028775239164,singlet
CATGGCGAGGCCCTTG-4-3,12,0.9916966151241168,singlet
CATGGCGCATGCGCAC-4-3,13,0.794124188294459,singlet
CATGGCGGTCTGCCAG-4-3,12,0.9029474669337936,singlet
CATTATCAGATCGATA-4-3,12,0.9063030924165064,singlet
CATTATCGTCCCTACT-4-3,13,0.7784259779123399,singlet
CATTATCTCCCGACTT-4-3,13,0.7660282896436958,singlet
CATTCGCCATGAAGTA-4-3,12,0.9996848911923404,singlet
CATTCGCTCATGTAGC-4-3,13,0.4511009618640359,singlet
CATTCGCTCGAACGGA-4-3,12,0.9391419239006842,singlet
CCAATCCCACACAGAG-4-3,12,0.906314806040118,singlet
CCAATCCCATCGATGT-4-3,3,0.8911697904691848,singlet
CCAATCCTCTTCCTTC-4-3,12,0.9595358007552388,singlet
CCACCTACAAACCCAT-4-3,12,0.9434384815913966,singlet
CCACCTACACGGCGTT-4-3,13,0.7821157388815893,singlet
CCACCTACATGGTAGG-4-3,12,0.957630210708195,singlet
CCACCTAGTGCAGACA-4-3,12,0.8486795040360667,singlet
CCACCTATCCCGACTT-4-3,12,0.8416501151757579,singlet
CCACGGAGTTCATGGT-4-3,12,0.8980232590647091,singlet
CCACTACAGAGATGAG-4-3,12,0.9688341362921368,singlet
CCAGCGAAGGAGCGTT-4-3,13,0.7747499522410811,singlet
CCAGCGATCCTTTCGG-4-3,12,0.8283597425819945,singlet
CCATTCGGTAAATGTG-4-3,12,0.893914597680509,singlet
CCATTCGGTGCACGAA-4-3,12,0.8733493935892114,singlet
CCCAATCCATTACCTT-4-3,12,0.8723824339589589,singlet
CCCAATCTCAAGCCTA-4-3,12,0.8492522892703391,singlet
CCCAGTTCACAGTCGC-4-3,12,0.875388631142645,singlet
CCCAGTTGTGTTAAGA-4-3,13,0.7542220483088155,singlet
CCCAGTTGTTTGTGTG-4-3,12,0.8698505294272714,singlet
CCCAGTTTCCTCGCAT-4-3,12,0.8074885489309516,singlet
CCCAGTTTCGTTACAG-4-3,12,0.8942992449120203,singlet
CCCTCCTAGGGAAACA-4-3,13,0.7723489784611437,singlet
CCCTCCTTCGTACGGC-4-3,12,0.8692286650945348,singlet
CCCTCCTTCGTGGACC-4-3,12,0.8546434319532887,singlet
CCCTCCTTCTATCCTA-4-3,12,0.8186260196771609,singlet
CCGGGATCAGACGCTC-4-3,13,0.7594827814659402,singlet
CCGGGATGTCTAAACC-4-3,13,0.7574440003520282,singlet
CCGGGATTCGTACGGC-4-3,12,0.8786747119630003,singlet
CCGGTAGCAGCTCGCA-4-3,12,0.9921440407371632,singlet
CCGGTAGTCAGCTCTC-4-3,12,0.8590874601631286,singlet
CCGGTAGTCATTATCC-4-3,12,0.9555231262997989,singlet
CCGGTAGTCTTCTGGC-4-3,12,0.8584108745402905,singlet
CCGTACTCAGCCACCA-4-3,12,0.8053670964509121,singlet
CCGTACTGTGGTGTAG-4-3,13,0.7532776020763098,singlet
CCGTGGAAGTTAAGTG-4-3,12,0.840966587795215,singlet
CCGTTCAAGATCGGGT-4-3,13,0.7546564768969866,singlet
CCGTTCAAGTGAATTG-4-3,13,0.7381960155994528,singlet
CCGTTCACATAGAAAC-4-3,13,0.5622192259377913,singlet
CCGTTCAGTTACGCGC-4-3,12,0.8654776926866071,singlet
CCTACACAGACAGAGA-4-3,12,0.9990564232250496,singlet
CCTACACAGAGCTGCA-4-3,12,0.8960313328516909,singlet
CCTACACGTCGTTGTA-4-3,12,0.8567700271219663,singlet
CCTACACTCACGATGT-4-3,12,0.8944833164344982,singlet
CCTACACTCAGTTAGC-4-3,13,0.7375022892527413,singlet
CCTACCAAGAGGTAGA-4-3,13,0.7758731295773774,singlet
CCTACCAGTCTAGCGC-4-3,13,0.3633922334285779,singlet
CCTACCATCCTTTACA-4-3,12,0.8667562886557466,singlet
CCTAGCTAGCCTCGTG-4-3,12,0.9612336206534968,singlet
CCTAGCTAGCTGTCTA-4-3,12,0.8704417757572112,singlet
CCTAGCTCAGCTCGCA-4-3,13,0.7500885920348015,singlet
CCTAGCTGTACATCCA-4-3,12,0.9513493433819332,singlet
CCTATTACAAGTCATC-4-3,13,0.7821264003081255,singlet
CCTATTACACCGAAAG-4-3,13,0.7147787289197335,singlet
CCTATTACACGAAATA-4-3,13,0.7484681602740884,singlet
CCTATTACAGGCAGTA-4-3,13,0.4525202707056358,singlet
CCTATTACATCTATGG-4-3,13,0.5515438163324258,singlet
CCTATTATCCTTCAAT-4-3,13,0.6248861333344513,singlet
CCTCAGTCAACACCTA-4-3,12,0.9609606500286152,singlet
CCTCAGTCAAGTCTAC-4-3,12,0.8678712208128027,singlet
CCTCAGTGTCCGAGTC-4-3,12,0.8334684006986931,singlet
CCTCTGAAGCACGCCT-4-3,12,0.8267797746953068,singlet
CCTCTGAAGGCCCTCA-4-3,12,0.8496581053448149,singlet
CCTCTGACATGCCTAA-4-3,12,0.8701310120017987,singlet
CCTCTGAGTTCGCTAA-4-3,12,0.8581165991929984,singlet
CCTCTGATCCGATATG-4-3,12,0.8624845946555248,singlet
CCTCTGATCTGCTGTC-4-3,13,0.7631319893099826,singlet
CCTTACGAGAATCTCC-4-3,13,0.7504300268588552,singlet
CCTTACGTCAGAGGTG-4-3,12,0.8950270649641984,singlet
CCTTACGTCCTAGGGC-4-3,12,0.965116251572538,singlet
CCTTCCCAGCCGATTT-4-3,12,0.8697374738564082,singlet
CCTTCCCCATGACGGA-4-3,13,0.75152177494533,singlet
CCTTCCCGTTACCAGT-4-3,13,0.7516223652593157,singlet
CCTTCCCTCATGTAGC-4-3,13,0.7819024534201737,singlet
CCTTCGAAGACTAGAT-4-3,12,0.8621948193635709,singlet
CCTTCGAAGTGTACGG-4-3,13,0.6808787812637175,singlet
CCTTCGACAGCGTTCG-4-3,12,0.8642714821619765,singlet
CCTTCGACATGCCTAA-4-3,12,0.8747161984218266,singlet
CCTTCGACATTATCTC-4-3,12,0.8544610521274552,singlet
CCTTCGAGTAATCACC-4-3,13,0.3890166366733003,singlet
CCTTCGAGTCTCATCC-4-3,12,0.8579562028512935,singlet
CCTTCGATCTATGTGG-4-3,12,0.8331169865507561,singlet
CCTTTCTAGCACCGCT-4-3,13,0.7815829208931974,singlet
CCTTTCTCAGTTTACG-4-3,12,0.8600160605955373,singlet
CCTTTCTGTATTACCG-4-3,13,0.6887807721710554,singlet
CCTTTCTTCTTGCATT-4-3,12,0.8720162373251792,singlet
CGAACATGTATCAGTC-4-3,12,0.8728794517721336,singlet
CGAACATTCGGCTTGG-4-3,13,0.6147884089634056,singlet
CGAATGTAGACTGTAA-4-3,12,0.8529467146357592,singlet
CGAATGTCACAGGCCT-4-3,13,0.6739424216758875,singlet
CGAATGTTCTGAGTGT-4-3,13,0.7273144682062868,singlet
CGACCTTAGGGCTTGA-4-3,13,0.7445171013898823,singlet
CGACCTTCAAGCGATG-4-3,12,0.8877761469805132,singlet
CGACCTTGTTTACTCT-4-3,12,0.9506626327808304,singlet
CGACTTCAGATACACA-4-3,12,0.8543977248278196,singlet
CGACTTCAGCGAAGGG-4-3,12,0.8685676663096011,singlet
CGAGAAGCAATGAAAC-4-3,12,0.870173355829861,singlet
CGAGAAGCACCAGTTA-4-3,13,0.5364726205587536,singlet
CGAGAAGCATACAGCT-4-3,13,0.4903105918571619,singlet
CGAGAAGGTAGCACGA-4-3,13,0.7464156656247513,singlet
CGAGAAGTCTACCTGC-4-3,12,0.8872419420716511,singlet
CGAGCACCACCGTTGG-4-3,12,0.8627195428291063,singlet
CGAGCACGTGATAAAC-4-3,13,0.7817143225498175,singlet
CGAGCCAGTTGATTCG-4-3,12,0.8571850133882416,singlet
CGATCGGCACTACAGT-4-3,12,0.8492912276451131,singlet
CGATCGGGTTCTGAAC-4-3,12,0.9581402285816428,singlet
CGATGGCAGACTAGGC-4-3,12,0.8677221910896804,singlet
CGATGGCAGCAATCTC-4-3,12,0.8623374095934708,singlet
CGATGGCAGGACAGAA-4-3,12,0.8039293905801073,singlet
CGATGGCCACCCATGG-4-3,12,0.8246790395629244,singlet
CGATGGCGTATATGGA-4-3,12,0.8698612545632439,singlet
CGATGGCGTCAGAAGC-4-3,13,0.7537872149285847,singlet
CGATGGCTCCCTGACT-4-3,13,0.7016508740449224,singlet
CGATGGCTCGATCCCT-4-3,12,0.9664520842951068,singlet
CGATGGCTCGTCGTTC-4-3,12,0.8704316629977346,singlet
CGATGTAAGAGGTTAT-4-3,13,0.7567147757363407,singlet
CGATGTAAGGAATGGA-4-3,12,0.9804382652094086,singlet
CGATGTAAGGCCCTCA-4-3,12,0.9571633511317432,singlet
CGATGTAAGTACGACG-4-3,13,0.7022287069530255,singlet
CGATGTAGTGGGTATG-4-3,12,0.9590651071835898,singlet
CGATGTATCCGCGGTA-4-3,12,0.945359053254946,singlet
CGATTGAAGTGAACAT-4-3,12,0.8887835850038496,singlet
CGATTGACAGAGCCAA-4-3,12,0.893041685274797,singlet
CGATTGACAGCCTTTC-4-3,13,0.5814937269787258,singlet
CGATTGATCCTCAACC-4-3,12,0.8584792374476912,singlet
CGCCAAGCATCGATTG-4-3,12,0.8587765814713323,singlet
CGCCAAGGTTAGAACA-4-3,12,0.8639284235171413,singlet
CGCCAAGTCATGCATG-4-3,12,0.9666756207121964,singlet
CGCCAAGTCGGCATCG-4-3,12,0.8439150230338053,singlet
CGCGGTAAGAAACGCC-4-3,12,0.999508485780563,singlet
CGCGGTAGTTACAGAA-4-3,12,0.86219760136834,singlet
CGCGTTTGTGCCTGTG-4-3,13,0.7823195904251952,singlet
CGCGTTTTCAGGCAAG-4-3,12,0.8677040855692973,singlet
CGCTATCCAGCGATCC-4-3,13,0.4807618657943052,singlet
CGCTATCGTAGAGTGC-4-3,12,0.9643588938162904,singlet
CGCTATCTCCTTTCGG-4-3,13,0.7904153533178645,singlet
CGCTATCTCGTGTAGT-4-3,13,0.7820055899934336,singlet
CGCTGGAAGGTTACCT-4-3,12,0.866176859551486,singlet
CGCTGGAAGTAGTGCG-4-3,12,0.9065384155941608,singlet
CGCTGGACAAAGTCAA-4-3,12,0.8637179976010696,singlet
CGCTGGACACGTAAGG-4-3,12,0.8657025049092133,singlet
CGCTGGAGTACCGAGA-4-3,12,0.9188658503992364,singlet
CGCTGGAGTTGGGACA-4-3,13,0.6739611974409404,singlet
CGCTGGATCTGCAAGT-4-3,4,0.99407909926556,singlet
CGCTTCAAGGAATTAC-4-3,12,0.8977144422276213,singlet
CGCTTCACAAGAAAGG-4-3,12,0.8788214223745571,singlet
CGCTTCACACCGATAT-4-3,12,0.9574544753247404,singlet
CGCTTCACATATGGTC-4-3,13,0.7485494384875709,singlet
CGCTTCAGTACAGCAG-4-3,13,0.5675318085848946,singlet
CGCTTCATCAGCGACC-4-3,12,0.8980119814309696,singlet
CGCTTCATCGGCATCG-4-3,12,0.9992634045514636,singlet
CGGACACAGGCATGTG-4-3,13,0.7578309510060119,singlet
CGGACACCAAGCGCTC-4-3,12,0.8334224215854698,singlet
CGGACACCAAGCTGGA-4-3,13,0.7552751870543674,singlet
CGGACACGTCATCCCT-4-3,13,0.7479413323529767,singlet
CGGACACGTGGTCTCG-4-3,12,0.8216079910676632,singlet
CGGACACTCCGTTGTC-4-3,13,0.7607598774830241,singlet
CGGACACTCGGTCTAA-4-3,12,0.8768214468116963,singlet
CGGACGTGTCTACCTC-4-3,12,0.8673739025238868,singlet
CGGACGTGTCTGCGGT-4-3,13,0.7023035470719081,singlet
CGGACTGAGCTAGCCC-4-3,12,0.8450799613527321,singlet
CGGACTGAGGCACATG-4-3,12,0.960938657185242,singlet
CGGACTGCATTACCTT-4-3,12,0.8680902105832319,singlet
CGGACTGTCCGCAAGC-4-3,12,0.99978515879926,singlet
CGGAGCTAGGATGCGT-4-3,12,0.8944123410432382,singlet
CGGAGCTCAATCCGAT-4-3,12,0.8253756636030957,singlet
CGGAGCTCATCGGACC-4-3,13,0.5399589403064433,singlet
CGGAGCTGTTAAGATG-4-3,13,0.737258002358989,singlet
CGGAGCTTCTTTACAC-4-3,13,0.7460438107534811,singlet
CGGAGTCCACGCGAAA-4-3,12,0.8715999570413485,singlet
CGGCTAGAGATCACGG-4-3,3,0.8163729509862795,singlet
CGGCTAGAGCTAAACA-4-3,12,0.8398339476513708,singlet
CGGCTAGAGTACGATA-4-3,13,0.796822895676076,singlet
CGGCTAGGTTGTCGCG-4-3,12,0.8511203171617544,singlet
CGGGTCAAGCATGGCA-4-3,13,0.7579044988277288,singlet
CGGGTCAAGCTCCTTC-4-3,12,0.8336604340537332,singlet
CGGGTCACAGCTGCTG-4-3,13,0.4872115797583252,singlet
CGGGTCATCCTGCTTG-4-3,12,0.8163121047608854,singlet
CGGGTCATCTCCAGGG-4-3,12,0.8403124322168963,singlet
CGGTTAAAGCCCAACC-4-3,12,0.8782381171518078,singlet
CGGTTAACACGAAAGC-4-3,13,0.7444228703627719,singlet
CGTAGCGCAGGGATTG-4-3,13,0.7642537270856977,singlet
CGTAGCGCATCCAACA-4-3,12,0.9921489577482392,singlet
CGTAGCGGTATCACCA-4-3,12,0.8901810639428793,singlet
CGTAGCGGTCGCGTGT-4-3,12,0.8706216834690288,singlet
CGTAGCGGTTGCCTCT-4-3,12,0.8635102301527579,singlet
CGTAGCGTCTGTCTCG-4-3,12,0.8700834529538397,singlet
CGTAGGCGTGACGGTA-4-3,12,0.9360799015812804,singlet
CGTAGGCGTTGATTGC-4-3,13,0.75535020702317,singlet
CGTCACTAGCATGGCA-4-3,12,0.9495230043336832,singlet
CGTCACTAGTAGGTGC-4-3,12,0.8581731889686849,singlet
CGTCACTCATGCTGGC-4-3,12,0.9619731156890352,singlet
CGTCACTGTCAGAAGC-4-3,13,0.5954204149680218,singlet
CGTCACTTCACAACGT-4-3,12,0.8715587915754378,singlet
CGTCAGGAGTGTGAAT-4-3,13,0.5016128139583039,singlet
CGTCAGGCAGGATCGA-4-3,12,0.9575556859757732,singlet
CGTCAGGCATGATCCA-4-3,12,0.864151799586572,singlet
CGTCAGGTCAGGATCT-4-3,12,0.9066557294587526,singlet
CGTCCATAGAGTCGGT-4-3,12,0.8359503048648961,singlet
CGTCCATAGTACGCGA-4-3,13,0.6613758213549652,singlet
CGTCCATAGTTAGGTA-4-3,12,0.9188851560767684,singlet
CGTCCATCAAGCCGCT-4-3,12,0.8660828363638247,singlet
CGTCCATCACGTGAGA-4-3,13,0.7960333946804882,singlet
CGTCCATGTGCGGTAA-4-3,13,0.4746579607272423,singlet
CGTCTACAGATCCTGT-4-3,13,0.661016597010192,singlet
CGTCTACAGCTAGGCA-4-3,12,0.95097998862986,singlet
CGTCTACAGTCAAGGC-4-3,13,0.6503715892873494,singlet
CGTCTACAGTGGAGAA-4-3,12,0.9619854438263508,singlet
CGTCTACCATGAACCT-4-3,13,0.7242227827900776,singlet
CGTCTACGTGCTGTAT-4-3,13,0.7714703072990409,singlet
CGTCTACGTTCGGGCT-4-3,12,0.8596603306562627,singlet
CGTCTACTCCGCGCAA-4-3,12,0.986849615926604,singlet
CGTCTACTCCTCATTA-4-3,12,0.8939949882156626,singlet
CGTGAGCCACATAACC-4-3,12,0.8543943059544217,singlet
CGTGAGCGTCTCGTTC-4-3,12,0.8460567095018889,singlet
CGTGAGCGTGATAAGT-4-3,13,0.556625643669661,singlet
CGTGAGCTCGGTCCGA-4-3,12,0.8641763853697847,singlet
CGTGTAAAGATGTAAC-4-3,13,0.6968443872596408,singlet
CGTGTAAAGTGCCAGA-4-3,12,0.8649425390130113,singlet
CGTGTAACAGGCGATA-4-3,13,0.7787432188612134,singlet
CGTGTAAGTCTCCACT-4-3,12,0.8646568520374636,singlet
CGTGTAAGTGCACGAA-4-3,12,0.8760191490653597,singlet
CGTGTCTAGAAACGCC-4-3,12,0.8715319296439132,singlet
CGTGTCTGTTACGTCA-4-3,12,0.8634071290695945,singlet
CGTGTCTTCTCGATGA-4-3,13,0.7458519403042196,singlet
CGTGTCTTCTTACCTA-4-3,12,0.9628685541181355,singlet
CGTTAGAAGCTCCTTC-4-3,12,0.8637188993630102,singlet
CGTTAGATCATAAAGG-4-3,13,0.7477412057767799,singlet
CGTTAGATCGGAGGTA-4-3,13,0.7816221491588117,singlet
CGTTCTGCATTGGGCC-4-3,13,0.7248900330664135,singlet
CGTTCTGGTTAGATGA-4-3,12,0.8638295457131097,singlet
CGTTCTGGTTAGTGGG-4-3,13,0.6551710812214169,singlet
CGTTCTGGTTGCTCCT-4-3,12,0.8737139697642529,singlet
CGTTCTGTCCGCAAGC-4-3,12,0.8551776334620291,singlet
CGTTCTGTCTGCGGCA-4-3,12,0.8723610161033697,singlet
CGTTGGGAGCCGCCTA-4-3,13,0.7773026773172848,singlet
CGTTGGGGTATTACCG-4-3,12,0.8602689700256008,singlet
CGTTGGGGTCGCATCG-4-3,13,0.4956329896342258,singlet
CTAACTTCAATACGCT-4-3,13,0.7089980575144591,singlet
CTAACTTCACCACGTG-4-3,12,0.8042541853455658,singlet
CTAACTTCACCGAATT-4-3,12,0.962115901449478,singlet
CTAACTTCAGCTGTTA-4-3,13,0.7032663902751102,singlet
CTAACTTGTGCATCTA-4-3,12,0.9681181683832124,singlet
CTAACTTGTTAGAACA-4-3,12,0.9637142167046692,singlet
CTAAGACCACTCGACG-4-3,12,0.959625434970509,singlet
CTAAGACCAGCCACCA-4-3,13,0.755750250241828,singlet
CTAATGGAGTCTCGGC-4-3,12,0.9994154984997978,singlet
CTAATGGCACCAGATT-4-3,13,0.74967546883943,singlet
CTAATGGCAGTCAGAG-4-3,12,0.878734183927643,singlet
CTAATGGCATCCTTGC-4-3,12,0.851199743244422,singlet
CTACACCCAATAAGCA-4-3,12,0.8044283367060977,singlet
CTACACCGTGTGCGTC-4-3,12,0.8617739703861064,singlet
CTACACCGTTCACGGC-4-3,13,0.7670542930578115,singlet
CTACATTAGTCATGCT-4-3,13,0.7481270505082325,singlet
CTACATTAGTGTCCAT-4-3,13,0.7819912412906219,singlet
CTACATTGTCTTCTCG-4-3,13,0.4986619693524141,singlet
CTACATTTCATATCGG-4-3,13,0.7512169588931138,singlet
CTACCCAAGGGAGTAA-4-3,13,0.5015782798980869,singlet
CTACCCAAGTCAAGGC-4-3,12,0.9616876495829424,singlet
CTACCCACACACGCTG-4-3,12,0.8679786086882427,singlet
CTACCCAGTATTACCG-4-3,13,0.7854120588218761,singlet
CTACCCAGTCGACTGC-4-3,12,0.8581952914481603,singlet
CTACGTCAGGCGATAC-4-3,12,0.8645959758278762,singlet
CTACGTCCACCACGTG-4-3,13,0.7548659282617554,singlet
CTACGTCTCAAACAAG-4-3,12,0.8756191442079079,singlet
CTACGTCTCATACGGT-4-3,12,0.8948615547217552,singlet
CTAGAGTAGTGAATTG-4-3,12,0.871295750518013,singlet
CTAGAGTCAAGCCCAC-4-3,12,0.8723900434198758,singlet
CTAGCCTCAGTGGGAT-4-3,12,0.8985265809689525,singlet
CTAGCCTCATTCCTCG-4-3,12,0.8605706557172568,singlet
CTAGTGAAGCGAGAAA-4-3,13,0.7816699298213374,singlet
CTAGTGAGTAGCCTAT-4-3,13,0.6822603443666585,singlet
CTAGTGAGTCATCCCT-4-3,13,0.5046980120114689,singlet
CTAGTGAGTTACTGAC-4-3,13,0.7286247329909334,singlet
CTCACACAGGTGGGTT-4-3,12,0.958345290523534,singlet
CTCACACGTAGCGTCC-4-3,13,0.535233911267601,singlet
CTCACACGTGAGTGAC-4-3,13,0.6521053497789849,singlet
CTCACACGTTGTGGCC-4-3,13,0.6115517914436819,singlet
CTCACACTCGAATCCA-4-3,12,0.852175432814021,singlet
CTCACACTCTTGTTTG-4-3,12,0.904959344601792,singlet
CTCAGAAAGATAGTCA-4-3,12,0.8749009214368236,singlet
CTCAGAAAGGCATGGT-4-3,12,0.8666093902220753,singlet
CTCAGAAAGGGCTCTC-4-3,13,0.7515979383188014,singlet
CTCAGAACATTGGTAC-4-3,12,0.8725840381693757,singlet
CTCAGAAGTATCGCAT-4-3,12,0.8523849596160155,singlet
CTCAGAAGTGGCCCTA-4-3,12,0.808004645782374,singlet
CTCAGAATCAAAGTAG-4-3,12,0.8233571048255425,singlet
CTCAGAATCTTAGCCC-4-3,13,0.2962102563769673,singlet
CTCATTAGTAGCGTGA-4-3,12,0.905568427494514,singlet
CTCATTAGTGTGGCTC-4-3,13,0.7557961283676526,singlet
CTCATTATCTCCCTGA-4-3,13,0.7535303497675929,singlet
CTCATTATCTTTCCTC-4-3,13,0.7672651072311285,singlet
CTCCTAGAGTCGTTTG-4-3,12,0.9067001423790207,singlet
CTCCTAGCAAAGTGCG-4-3,12,0.9170256323279892,singlet
CTCCTAGCAGTGAGTG-4-3,12,0.870467762862674,singlet
CTCCTAGTCCTGTAGA-4-3,13,0.7425359272317132,singlet
CTCCTAGTCTCGAGTA-4-3,12,0.8362165136881056,singlet
CTCCTAGTCTGAGTGT-4-3,12,0.8647735786739673,singlet
CTCGAAACAAACCCAT-4-3,13,0.6948725690996698,singlet
CTCGAAAGTCAAACTC-4-3,12,0.8290647975445538,singlet
CTCGAAAGTCAGAAGC-4-3,12,0.8142770007486688,singlet
CTCGAGGAGGACTGGT-4-3,12,0.8424243601312713,singlet
CTCGAGGAGTATGACA-4-3,12,0.8623677706946355,singlet
CTCGAGGCAGCCTGTG-4-3,12,0.86984280757615,singlet
CTCGAGGGTACCGCTG-4-3,12,0.8771767927175882,singlet
CTCGAGGTCTGGAGCC-4-3,12,0.867485366531665,singlet
CTCGGAGAGCATGGCA-4-3,12,0.9900818090923812,singlet
CTCGGAGTCCAGGGCT-4-3,13,0.2948386497059316,singlet
CTCGGAGTCGCCAGCA-4-3,13,0.7573995605942054,singlet
CTCGGAGTCGGTCTAA-4-3,12,0.8953750826151368,singlet
CTCGGAGTCGGTTAAC-4-3,13,0.612490776010153,singlet
CTCGGGAAGCAGCGTA-4-3,12,0.969007949172663,singlet
CTCGGGAGTTAAAGAC-4-3,12,0.95861765869241,singlet
CTCGGGAGTTCCACTC-4-3,12,0.8538485875948548,singlet
CTCGGGATCAACCAAC-4-3,13,0.6657855162558388,singlet
CTCGGGATCAGGCAAG-4-3,12,0.9612854409700754,singlet
CTCGGGATCAGTACGT-4-3,13,0.7847088978889577,singlet
CTCGTACCAATGAATG-4-3,12,0.8735476613611303,singlet
CTCGTACGTAACGTTC-4-3,12,0.848262292524072,singlet
CTCGTACGTCTCAACA-4-3,13,0.7385278092964235,singlet
CTCGTACTCAACACTG-4-3,12,0.8704499648995477,singlet
CTCGTCACAAGCCATT-4-3,13,0.5087286769526461,singlet
CTCGTCACATTCGACA-4-3,13,0.6177350344068172,singlet
CTCGTCAGTACATGTC-4-3,12,0.8733164802557196,singlet
CTCGTCAGTCGAACAG-4-3,12,0.8509187715217783,singlet
CTCTAATAGGCACATG-4-3,13,0.757153067230481,singlet
CTCTAATTCACCGGGT-4-3,12,0.9596143548293044,singlet
CTCTAATTCCTGTACC-4-3,12,0.956689832010634,singlet
CTCTAATTCTGCGACG-4-3,12,0.81941692719614,singlet
CTCTACGAGTTGTAGA-4-3,12,0.8699521397589096,singlet
CTCTACGCAATGAATG-4-3,2,0.999022470641432,singlet
CTCTACGTCTCGATGA-4-3,12,0.87634814078508,singlet
CTCTGGTAGTCGTACT-4-3,12,0.8736735679730226,singlet
CTCTGGTAGTGTTAGA-4-3,12,0.8500403171344799,singlet
CTCTGGTCAGTAAGAT-4-3,12,0.8635693531156876,singlet
CTCTGGTTCAGGTTCA-4-3,13,0.7708392774401048,singlet
CTCTGGTTCATCTGCC-4-3,13,0.6296310495290465,singlet
CTCTGGTTCCTGCAGG-4-3,12,0.8547493055882899,singlet
CTCTGGTTCGAACTGT-4-3,12,0.950303071721264,singlet
CTGAAACAGATATGCA-4-3,12,0.9054900118128822,singlet
CTGAAACTCGCCCTTA-4-3,13,0.7776480563680831,singlet
CTGAAACTCTGTACGA-4-3,12,0.982155000496184,singlet
CTGAAGTAGGGTTCCC-4-3,13,0.736961122359676,singlet
CTGAAGTAGTGGGTTG-4-3,13,0.7142570987246839,singlet
CTGAAGTCATGATCCA-4-3,13,0.6791323522359333,singlet
CTGAAGTGTGTGGTTT-4-3,12,0.9406300510561736,singlet
CTGAAGTTCCACGAAT-4-3,12,0.9995161705569364,singlet
CTGATAGAGACAGAGA-4-3,12,0.8118802514894916,singlet
CTGATAGAGGTGGGTT-4-3,12,0.8716712773563505,singlet
CTGATAGCAGAAGCAC-4-3,12,0.8696059985151318,singlet
CTGATAGCATCGTCGG-4-3,12,0.8710242083452182,singlet
CTGATCCAGCGCTCCA-4-3,12,0.95369493099901,singlet
CTGATCCCAACACCCG-4-3,12,0.9066003577317888,singlet
CTGATCCGTACCGTTA-4-3,12,0.8579562374776766,singlet
CTGATCCTCATTATCC-4-3,12,0.9682762435241692,singlet
CTGCCTAAGTTTCCTT-4-3,12,0.8042333028009104,singlet
CTGCCTACAGCATGAG-4-3,13,0.5481939144131991,singlet
CTGCCTACATGTCCTC-4-3,13,0.7865528251500102,singlet
CTGCCTAGTCTAGTGT-4-3,13,0.3746746515131677,singlet
CTGCCTATCAACACAC-4-3,12,0.857042796004906,singlet
CTGCCTATCAATCTCT-4-3,12,0.8568580901145765,singlet
CTGCCTATCATGCTCC-4-3,12,0.950843680103451,singlet
CTGCGGATCACGATGT-4-3,13,0.7275226722706852,singlet
CTGCGGATCCCATTAT-4-3,12,0.9951352533736002,singlet
CTGCTGTAGGCATGGT-4-3,12,0.867160232037734,singlet
CTGCTGTAGTGGACGT-4-3,12,0.870277411639447,singlet
CTGCTGTCAAGCCTAT-4-3,12,0.8531079120361637,singlet
CTGGTCTAGGGAACGG-4-3,13,0.7743112271551164,singlet
CTGGTCTAGGTGCACA-4-3,12,0.867905457624337,singlet
CTGGTCTAGTGTCCCG-4-3,12,0.8675805661141264,singlet
CTGGTCTGTAGCCTAT-4-3,12,0.9589362818508244,singlet
CTGGTCTGTGCTGTAT-4-3,12,0.8594979761544144,singlet
CTGGTCTGTTCGTGAT-4-3,13,0.7344508421712624,singlet
CTGGTCTTCAGCACAT-4-3,12,0.9355138481861984,singlet
CTGTGCTCAAGCGAGT-4-3,13,0.769096139332608,singlet
CTGTGCTCATCTGGTA-4-3,12,0.8650559501711514,singlet
CTGTGCTGTAAACCTC-4-3,13,0.7823019313949177,singlet
CTGTGCTGTAAGGATT-4-3,12,0.8556101249979345,singlet
CTGTGCTTCGGCGGTT-4-3,13,0.7400829780192166,singlet
CTGTTTACAACTGCTA-4-3,12,0.8578245883013446,singlet
CTGTTTACAAGGTTTC-4-3,12,0.8494354833996822,singlet
CTGTTTACATTGGCGC-4-3,12,0.8581638229541904,singlet
CTGTTTATCAGATAAG-4-3,12,0.8380795815103784,singlet
CTGTTTATCAGTTGAC-4-3,13,0.7564026116786866,singlet
CTGTTTATCCCTAACC-4-3,13,0.6819866954338599,singlet
CTTAACTTCTCCCTGA-4-3,12,0.9609139270482332,singlet
CTTACCGAGACATAAC-4-3,12,0.9678907622228976,singlet
CTTACCGAGTGGTAAT-4-3,12,0.8763179867938196,singlet
CTTACCGCAGCCTTTC-4-3,12,0.8776099835918275,singlet
CTTACCGCAGTAAGAT-4-3,12,0.8689312583675289,singlet
CTTACCGGTCCATGAT-4-3,12,0.9442655508985016,singlet
CTTAGGACAATGTAAG-4-3,13,0.7723586661771339,singlet
CTTAGGAGTCTCTCTG-4-3,13,0.5788745443122996,singlet
CTTAGGATCTCAAGTG-4-3,12,0.8555552157759312,singlet
CTTCTCTCACACATGT-4-3,13,0.7506477811425798,singlet
CTTCTCTCAGACGCCT-4-3,12,0.8926415159274608,singlet
CTTCTCTTCACTATTC-4-3,12,0.9980328493975268,singlet
CTTCTCTTCAGCATGT-4-3,13,0.7368877517968776,singlet
CTTGGCTCAATCTACG-4-3,12,0.906937263341141,singlet
CTTTGCGAGCGTAGTG-4-3,12,0.8983009389377664,singlet
CTTTGCGAGCTTCGCG-4-3,12,0.8634900916443304,singlet
CTTTGCGCAAGTAGTA-4-3,12,0.8634179314838342,singlet
CTTTGCGTCAACGAAA-4-3,13,0.7483302744859859,singlet
CTTTGCGTCGCGATCG-4-3,13,0.7439583867495714,singlet
GAAACTCAGCTGCCCA-4-3,13,0.7384972237110788,singlet
GAAACTCCATGCATGT-4-3,12,0.9660068046863722,singlet
GAAACTCGTATAGTAG-4-3,12,0.8700161167222457,singlet
GAAACTCTCAAGAAGT-4-3,12,0.956876452455784,singlet
GAAACTCTCTTCCTTC-4-3,12,0.865509828481198,singlet
GAAATGACAATGGATA-4-3,12,0.8423808067321608,singlet
GAAATGATCATTGCGA-4-3,12,0.841505150189314,singlet
GAACATCAGGTGACCA-4-3,12,0.8172361040350152,singlet
GAACATCCATGGTCTA-4-3,13,0.7562811420287314,singlet
GAACATCCATTCCTCG-4-3,12,0.8620403458629685,singlet
GAACATCGTGTTTGTG-4-3,13,0.7819075821337063,singlet
GAACATCTCACTCTTA-4-3,12,0.8749048506354346,singlet
GAACCTAAGCCTTGAT-4-3,12,0.8878164817831092,singlet
GAACCTAAGTAGTGCG-4-3,13,0.5592879119105608,singlet
GAACCTAAGTTAGGTA-4-3,12,0.8981567257007814,singlet
GAACCTACAAATACAG-4-3,12,0.8462208698613761,singlet
GAACCTACACACTGCG-4-3,12,0.98705046296943,singlet
GAACGGAAGCGTGAAC-4-3,12,0.9069297244300856,singlet
GAACGGAAGTCATGCT-4-3,13,0.6778410014134619,singlet
GAACGGACAATGGAGC-4-3,12,0.90626408145063,singlet
GAACGGAGTTGACGTT-4-3,13,0.7605430096641032,singlet
GAAGCAGAGATCTGAA-4-3,12,0.8620421279958632,singlet
GAAGCAGCAAACAACA-4-3,12,0.8284242632991221,singlet
GAAGCAGGTAAGGGAA-4-3,12,0.8747495977597771,singlet
GAATAAGCAAACGCGA-4-3,12,0.8963029251485228,singlet
GAATAAGCATAAGACA-4-3,12,0.8642303447698192,singlet
GAATGAACAAACCCAT-4-3,12,0.9374327658638753,singlet
GAATGAACAAGCCCAC-4-3,12,0.8760532276725033,singlet
GAATGAACATTCGACA-4-3,12,0.8566947243965888,singlet
GAATGAAGTCAGGACA-4-3,13,0.7495415106759498,singlet
GACACGCCAGTCAGAG-4-3,12,0.968745605543638,singlet
GACACGCGTGATGTCT-4-3,13,0.7172408256733322,singlet
GACACGCTCAGCTGGC-4-3,12,0.8052102469970347,singlet
GACACGCTCGCAGGCT-4-3,12,0.8979228958009187,singlet
GACAGAGAGAGGTAGA-4-3,13,0.7448764023384261,singlet
GACAGAGAGATACACA-4-3,13,0.7445003361296997,singlet
GACAGAGCATTAACCG-4-3,12,0.8466402899031515,singlet
GACAGAGGTTTGCATG-4-3,13,0.7568150150808038,singlet
GACAGAGTCACCGTAA-4-3,13,0.717786751896154,singlet
GACCAATAGTTGCAGG-4-3,12,0.854500968351435,singlet
GACCAATCAACTTGAC-4-3,12,0.8660772306418522,singlet
GACCAATCAGAGTGTG-4-3,12,0.947106798259158,singlet
GACCAATGTCTAGTGT-4-3,12,0.8584802040344833,singlet
GACCTGGAGAACTCGG-4-3,13,0.4886036405301076,singlet
GACCTGGGTACATGTC-4-3,13,0.7561950539784474,singlet
GACCTGGGTAGGCATG-4-3,12,0.8075382755049704,singlet
GACCTGGTCTCTAGGA-4-3,12,0.9063223257624768,singlet
GACCTGGTCTGGTGTA-4-3,12,0.9673156596010088,singlet
GACGCGTAGACTTTCG-4-3,12,0.8660809905238901,singlet
GACGCGTAGATGGGTC-4-3,12,0.8180252571464632,singlet
GACGCGTAGTGCGATG-4-3,13,0.7471138561771322,singlet
GACGCGTTCACGACTA-4-3,12,0.8944541042652762,singlet
GACGGCTAGCTTTGGT-4-3,12,0.8254816675080764,singlet
GACGGCTAGGTACTCT-4-3,13,0.4413685406160697,singlet
GACGGCTCAATGTAAG-4-3,12,0.8585736196753977,singlet
GACGGCTTCCAGTATG-4-3,12,0.8547495959239698,singlet
GACGTGCAGTCTCGGC-4-3,12,0.8538018791835048,singlet
GACGTGCGTAGGACAC-4-3,12,0.9429530194678596,singlet
GACGTGCGTGCCTGCA-4-3,12,0.8976257531997949,singlet
GACGTGCGTTTGACAC-4-3,12,0.8641282567964446,singlet
GACGTGCTCGGGAGTA-4-3,12,0.8511550260855841,singlet
GACGTGCTCTCGTATT-4-3,12,0.8482948961196429,singlet
GACGTTACAAGTAGTA-4-3,13,0.6079705248376823,singlet
GACGTTAGTAAAGGAG-4-3,12,0.8911487872380287,singlet
GACGTTAGTAAGTGTA-4-3,13,0.7819383095254682,singlet
GACGTTAGTGTAATGA-4-3,12,0.8637135704790005,singlet
GACGTTAGTTCGCTAA-4-3,13,0.7575934942180416,singlet
GACTAACAGAAGGTTT-4-3,12,0.8644832706639322,singlet
GACTAACAGTGAACGC-4-3,12,0.8741825562098798,singlet
GACTAACCAAAGAATC-4-3,13,0.7427236056898942,singlet
GACTAACCATGGAATA-4-3,12,0.8637156025047074,singlet
GACTAACTCAGGCCCA-4-3,13,0.7459746168438409,singlet
GACTAACTCCTTGCCA-4-3,12,0.8673765807823489,singlet
GACTAACTCGGCGCAT-4-3,13,0.734964199018877,singlet
GACTACAAGCGCTCCA-4-3,13,0.7214513186063136,singlet
GACTACACATACCATG-4-3,12,0.878525770830236,singlet
GACTACAGTAGTAGTA-4-3,12,0.8511225239629453,singlet
GACTACAGTCGCGAAA-4-3,12,0.8636899677399091,singlet
GACTACATCGGAGGTA-4-3,13,0.7456006895660404,singlet
GACTACATCTTCGAGA-4-3,13,0.6116450447273317,singlet
GACTGCGAGCTACCTA-4-3,13,0.6020713736024499,singlet
GACTGCGCAGCGATCC-4-3,12,0.8895200918861181,singlet
GACTGCGTCGATGAGG-4-3,13,0.7186201735100248,singlet
GACTGCGTCTTGTACT-4-3,12,0.8677992924992344,singlet
GAGCAGAAGATCGATA-4-3,12,0.9027985170316318,singlet
GAGCAGAGTCCGTGAC-4-3,12,0.8790429334875348,singlet
GAGCAGATCAGAGGTG-4-3,12,0.8696563571696403,singlet
GAGGTGAAGTTAACGA-4-3,13,0.750679990203732,singlet
GAGGTGAGTAAACCTC-4-3,12,0.8801429774035285,singlet
GAGGTGATCTCTGAGA-4-3,12,0.9317951121177126,singlet
GAGTCCGAGTGTTAGA-4-3,12,0.8369705956878849,singlet
GAGTCCGCAAGCGTAG-4-3,13,0.5886913325758046,singlet
GAGTCCGCACAGCCCA-4-3,12,0.8256675642643,singlet
GAGTCCGGTCATTAGC-4-3,12,0.8751707362155148,singlet
GAGTCCGGTTTAGGAA-4-3,13,0.7315841668875606,singlet
GAGTCCGTCATTCACT-4-3,12,0.8646762584368693,singlet
GAGTCCGTCTGCTGCT-4-3,12,0.9063226836947218,singlet
GATCAGTCAGACAAGC-4-3,12,0.923884711522276,singlet
GATCAGTGTTCGCTAA-4-3,12,0.8610399985035189,singlet
GATCGATCACATTAGC-4-3,12,0.8639657773131332,singlet
GATCGATCATATGGTC-4-3,12,0.8202528901324568,singlet
GATCGATTCCTATTCA-4-3,12,0.8102823727394144,singlet
GATCGCGCAAGCCGTC-4-3,13,0.7556423221313359,singlet
GATCGCGTCTTGTATC-4-3,12,0.9026990906435698,singlet
GATCGTACAACACGCC-4-3,12,0.870089625902251,singlet
GATCGTAGTCGGATCC-4-3,13,0.7533276938962264,singlet
GATCGTAGTGTTTGGT-4-3,13,0.7261861166666119,singlet
GATCGTAGTTAAGTAG-4-3,12,0.968303772899089,singlet
GATCTAGAGGTTACCT-4-3,12,0.8956666432488588,singlet
GATCTAGCAAAGTGCG-4-3,12,0.8644252190982176,singlet
GATCTAGCAATCGAAA-4-3,0,0.9262143803083558,negative
GATCTAGCAGTTTACG-4-3,12,0.8977124050664608,singlet
GATCTAGGTAAACACA-4-3,12,0.8782451838095116,singlet
GATCTAGTCCCACTTG-4-3,13,0.7339529943946373,singlet
GATCTAGTCGGAAACG-4-3,12,0.8708012344648894,singlet
GATGAAAAGATGTTAG-4-3,12,0.8592096208589249,singlet
GATGAAAAGCTTCGCG-4-3,12,0.9065264440267922,singlet
GATGAAACAGCGTCCA-4-3,12,0.8550639197884496,singlet
GATGAAAGTAAGGATT-4-3,12,0.8643328296727305,singlet
GATGAAAGTTCCAACA-4-3,12,0.8586692814078796,singlet
GATGAGGAGCTAGGCA-4-3,13,0.5876798867176426,singlet
GATGAGGAGGCCCGTT-4-3,12,0.8715805160684298,singlet
GATGAGGAGTGGGCTA-4-3,12,0.8581681081769947,singlet
GATGAGGCAATAGAGT-4-3,12,0.8403377923911045,singlet
GATGAGGTCTATCCCG-4-3,12,0.8153013604371574,singlet
GATGCTAAGAAACGCC-4-3,12,0.8713014836517923,singlet
GATGCTACAATAGCGG-4-3,12,0.8979954774687614,singlet
GATGCTACAGCGATCC-4-3,12,0.8782628215523791,singlet
GATGCTAGTCCGAATT-4-3,13,0.4459379982669303,singlet
GATGCTATCACGCATA-4-3,12,0.961162283128698,singlet
GATGCTATCCTGTAGA-4-3,12,0.9155391866255734,singlet
GATTCAGTCTTTCCTC-4-3,12,0.8620345516654219,singlet
GCAAACTCACAACGCC-4-3,12,0.8681296102766584,singlet
GCAAACTCAGGGTATG-4-3,13,0.7801240749792808,singlet
GCAAACTCATGCCTAA-4-3,12,0.9594079900532304,singlet
GCAAACTGTAAGAGAG-4-3,12,0.9936206692726194,singlet
GCAAACTTCTCATTCA-4-3,13,0.6423431491452433,singlet
GCAATCAAGTGGAGTC-4-3,12,0.8456908839500602,singlet
GCAATCAGTGGTACAG-4-3,12,0.96045827766405,singlet
GCAATCAGTTCCCGAG-4-3,12,0.8243272928978728,singlet
GCAATCATCAAACCAC-4-3,12,0.9029874559238752,singlet
GCACATACACATGGGA-4-3,12,0.8634095678811998,singlet
GCACATAGTAGCTTGT-4-3,12,0.868991265531277,singlet
GCACATATCCGCAGTG-4-3,13,0.707183516978075,singlet
GCACTCTCAAACGTGG-4-3,13,0.7539748145727715,singlet
GCAGCCAAGCTAGTGG-4-3,12,0.8587488224508841,singlet
GCAGCCACAAGCCCAC-4-3,12,0.862193498033451,singlet
GCAGCCACAAGTTAAG-4-3,12,0.8751237377905338,singlet
GCAGCCACACCATGTA-4-3,12,0.8473041215549392,singlet
GCAGCCAGTCGCGTGT-4-3,13,0.7784918239427037,singlet
GCAGCCATCCCTTGCA-4-3,12,0.9472219854557744,singlet
GCAGCCATCTCGCATC-4-3,13,0.7823460846418601,singlet
GCAGCCATCTCGTATT-4-3,13,0.7263336940931011,singlet
GCAGTTAAGCTGCGAA-4-3,12,0.8953526303674989,singlet
GCAGTTAAGTGCAAGC-4-3,12,0.8699307112461716,singlet
GCAGTTACAGATCCAT-4-3,12,0.829093113409076,singlet
GCAGTTAGTAGGCTGA-4-3,13,0.7637799166823117,singlet
GCAGTTAGTTTCGCTC-4-3,12,0.8616929530704337,singlet
GCATACAAGTAATCCC-4-3,13,0.7449303298992477,singlet
GCATGCGAGCGTTGCC-4-3,12,0.8335299250892104,singlet
GCATGCGCAATTGCTG-4-3,12,0.8668206684204783,singlet
GCATGTAAGCCGATTT-4-3,12,0.8204908744205994,singlet
GCATGTAGTAGAGGAA-4-3,12,0.9063206579531136,singlet
GCATGTAGTAGCGCTC-4-3,13,0.593697999080101,singlet
GCATGTAGTGTGGCTC-4-3,12,0.8782871732939217,singlet
GCATGTATCGGTGTTA-4-3,13,0.6212136459881339,singlet
GCATGTATCTACTATC-4-3,13,0.7260951952526037,singlet
GCCAAATCAGACAAAT-4-3,12,0.8679000867047892,singlet
GCCAAATGTAAACGCG-4-3,12,0.8655697161675058,singlet
GCCAAATGTGCCTGCA-4-3,12,0.9032573020344826,singlet
GCCTCTACAATGAAAC-4-3,13,0.7800022715358597,singlet
GCCTCTATCAAGAAGT-4-3,12,0.8664889073094743,singlet
GCCTCTATCAGTCAGT-4-3,12,0.8591975786500224,singlet
GCCTCTATCCGTCATC-4-3,13,0.7758561143094377,singlet
GCCTCTATCTTCGGTC-4-3,13,0.5421045572013058,singlet
GCGACCAAGTCGTTTG-4-3,12,0.8551738779814322,singlet
GCGACCAGTAGAGGAA-4-3,12,0.8678782581687617,singlet
GCGACCAGTATCGCAT-4-3,13,0.701682398112876,singlet
GCGACCAGTCGACTGC-4-3,12,0.8513365185851238,singlet
GCGACCAGTTACGCGC-4-3,12,0.8729245202212073,singlet
GCGAGAAGTGCAACGA-4-3,13,0.7253773472946053,singlet
GCGCAACAGGACACCA-4-3,12,0.8686756634893356,singlet
GCGCAACAGTAGGTGC-4-3,12,0.8751893460487973,singlet
GCGCAACCATAGACTC-4-3,12,0.9608019935132592,singlet
GCGCAACCATCAGTCA-4-3,12,0.8599849157909442,singlet
GCGCAACGTAGGACAC-4-3,12,0.9491674974301192,singlet
GCGCAACTCTGTCTAT-4-3,12,0.949325887464513,singlet
GCGCAGTAGGCCCTCA-4-3,13,0.7081027934793221,singlet
GCGCAGTAGTCCCACG-4-3,13,0.7098052506476638,singlet
GCGCAGTGTATTCTCT-4-3,12,0.8625539616121258,singlet
GCGCAGTGTGGCCCTA-4-3,13,0.7794274764318821,singlet
GCGCCAACACCAACCG-4-3,12,0.8717164015642141,singlet
GCGCCAACACGGCCAT-4-3,12,0.8587653119916946,singlet
GCGCCAATCCAAACTG-4-3,12,0.8564171837474468,singlet
GCGCCAATCTGAGTGT-4-3,13,0.732225959964816,singlet
GCGCGATCACGAAGCA-4-3,12,0.8476537646882801,singlet
GCGCGATCAGTCACTA-4-3,12,0.8587402461176996,singlet
GCGGGTTCATTGGCGC-4-3,12,0.9685911096949598,singlet
GCGGGTTGTAGCGTCC-4-3,13,0.7541281404025545,singlet
GCGGGTTGTCCCTACT-4-3,12,0.8683067177652386,singlet
GCGGGTTGTTGCGCAC-4-3,13,0.7819280760037599,singlet
GCGGGTTTCTAACCGA-4-3,12,0.8992102240070212,singlet
GCTCCTAGTGTGAAAT-4-3,12,0.8488694895568494,singlet
GCTCCTATCAAACGGG-4-3,13,0.470322904007633,singlet
GCTCCTATCCAAGTAC-4-3,12,0.8345148283763415,singlet
GCTCTGTGTATAAACG-4-3,12,0.8711120836742553,singlet
GCTCTGTTCGGACAAG-4-3,12,0.9546599111946245,singlet
GCTCTGTTCGTAGGAG-4-3,12,0.9004221143001461,singlet
GCTCTGTTCGTCCGTT-4-3,12,0.8683991100825666,singlet
GCTCTGTTCTGGTATG-4-3,12,0.844303633228505,singlet
GCTGCAGAGAAGGTGA-4-3,12,0.992553166221254,singlet
GCTGCAGAGGAATGGA-4-3,12,0.8702195125284466,singlet
GCTGCAGAGTCACGCC-4-3,12,0.8779298718090017,singlet
GCTGCAGCAGTTTACG-4-3,12,0.8606707935007799,singlet
GCTGCAGCATGACATC-4-3,12,0.891874082543028,singlet
GCTGCAGTCCAAAGTC-4-3,12,0.9065790875390652,singlet
GCTGCGAAGGTAAACT-4-3,12,0.8674717721780629,singlet
GCTGCGAAGGTGACCA-4-3,12,0.8787850726984806,singlet
GCTGCGACACAGACAG-4-3,13,0.6884293188672965,singlet
GCTGCGACACAGGAGT-4-3,12,0.9614785504259103,singlet
GCTGCGAGTATAAACG-4-3,13,0.7376883342324576,singlet
GCTGCTTAGAGGGCTT-4-3,12,0.9991505062510668,singlet
GCTGCTTAGTACTTGC-4-3,12,0.9964260789579548,singlet
GCTGCTTAGTAGGTGC-4-3,12,0.8430023940196365,singlet
GCTGCTTAGTGGTAGC-4-3,12,0.8542924440624299,singlet
GCTGCTTCATGGATGG-4-3,12,0.8650534311508135,singlet
GCTGCTTGTACCCAAT-4-3,12,0.906592416738528,singlet
GCTGCTTGTACCGCTG-4-3,12,0.8411056680302839,singlet
GCTGCTTGTAGCGATG-4-3,12,0.9024997463340828,singlet
GCTGCTTGTATGCTTG-4-3,12,0.866036328533598,singlet
GCTGGGTAGAAACCTA-4-3,12,0.9435649733428976,singlet
GCTGGGTAGTAACCCT-4-3,12,0.8693110426307582,singlet
GCTGGGTAGTGACATA-4-3,13,0.5225389560746629,singlet
GCTGGGTCAAGCCCAC-4-3,13,0.7907012078216454,singlet
GCTGGGTGTTCGTCTC-4-3,13,0.6691476652679902,singlet
GCTGGGTTCTTGAGAC-4-3,12,0.8140169652597775,singlet
GCTTCCACATGCCCGA-4-3,13,0.7213310100019809,singlet
GCTTCCATCTCAACTT-4-3,13,0.6300254471523528,singlet
GCTTGAAAGCTGCAAG-4-3,12,0.9423100405218796,singlet
GCTTGAAAGTCCGGTC-4-3,13,0.4312535346980486,singlet
GCTTGAAAGTGAAGAG-4-3,12,0.9566223230804096,singlet
GCTTGAACACCCAGTG-4-3,12,0.8775257124853335,singlet
GCTTGAAGTATATGAG-4-3,13,0.7549935479736315,singlet
GCTTGAAGTGCACTTA-4-3,13,0.6920908976118001,singlet
GCTTGAATCGTTACAG-4-3,12,0.9993314878814225,singlet
GCTTGAATCTGAGGGA-4-3,12,0.8671230868726311,singlet
GGAAAGCAGGCAGTCA-4-3,12,0.8637913309938102,singlet
GGAAAGCCACTAGTAC-4-3,12,0.8897545836158323,singlet
GGAAAGCCAGACTCGC-4-3,13,0.6916552878628512,singlet
GGAAAGCGTTCGGCAC-4-3,13,0.7926784026526255,singlet
GGAACTTGTCTAACGT-4-3,13,0.5364676889425976,singlet
GGAACTTTCTCTTGAT-4-3,13,0.7778253137468818,singlet
GGAATAACAGCTGTTA-4-3,12,0.8361831785745593,singlet
GGAATAACAGTCTTCC-4-3,7,0.9265115349187932,singlet
GGAATAAGTCGTGGCT-4-3,12,0.8746069456139361,singlet
GGAATAATCTCTAGGA-4-3,13,0.6194827014894635,singlet
GGACAAGGTCCAACTA-4-3,12,0.8702171430628134,singlet
GGACAAGTCGTTTAGG-4-3,13,0.5529735871263656,singlet
GGACAGAAGGGCTCTC-4-3,12,0.996176097263774,singlet
GGACAGAGTAAACACA-4-3,12,0.8851715711369859,singlet
GGACAGAGTCCATGAT-4-3,12,0.8673791704476035,singlet
GGACAGATCACAAACC-4-3,13,0.7523694229040568,singlet
GGACAGATCTTTAGGG-4-3,13,0.7822670002500935,singlet
GGACATTAGCCACGCT-4-3,13,0.7294456147776803,singlet
GGACATTCAATGTTGC-4-3,13,0.770038427776209,singlet
GGACATTGTAACGCGA-4-3,13,0.7682166264114589,singlet
GGACGTCAGATTACCC-4-3,13,0.7786109362341622,singlet
GGACGTCCAAGCCATT-4-3,13,0.771831085338926,singlet
GGAGCAAAGGCAATTA-4-3,12,0.9573893751238286,singlet
GGATGTTAGTACGTAA-4-3,12,0.8508291027911861,singlet
GGATGTTAGTGTCCAT-4-3,13,0.4277992106192938,singlet
GGATGTTGTAAGGGAA-4-3,13,0.6679281273593207,singlet
GGATTACCAAGCCCAC-4-3,13,0.748031807290615,singlet
GGATTACCATGGTCTA-4-3,13,0.5612905497889044,singlet
GGATTACGTTTAGGAA-4-3,13,0.7161612043797017,singlet
GGCAATTAGCTTTGGT-4-3,12,0.9068488191848386,singlet
GGCAATTGTACAAGTA-4-3,13,0.6656253775609309,singlet
GGCAATTGTCCGACGT-4-3,12,0.9865696519729726,singlet
GGCAATTGTCGCGGTT-4-3,12,0.9350934480106567,singlet
GGCAATTGTGGAAAGA-4-3,12,0.8167781649023778,singlet
GGCAATTTCACGGTTA-4-3,13,0.7523317493516292,singlet
GGCAATTTCCCATTTA-4-3,12,0.8954356731072686,singlet
GGCAATTTCCCGGATG-4-3,12,0.9981623641543896,singlet
GGCCGATAGGGAGTAA-4-3,13,0.7369650414841734,singlet
GGCCGATAGTGATCGG-4-3,13,0.6789616795336934,singlet
GGCCGATGTCGAGTTT-4-3,13,0.4895567598311595,singlet
GGCCGATGTCGGCTCA-4-3,12,0.8573610937993298,singlet
GGCCGATGTGCTAGCC-4-3,13,0.6805506708661248,singlet
GGCCGATGTGTCCTCT-4-3,13,0.7325463767798971,singlet
GGCCGATTCAGCACAT-4-3,12,0.8388724076525155,singlet
GGCGACTAGGTTCCTA-4-3,13,0.7748939560067902,singlet
GGCGACTAGTAACCCT-4-3,13,0.3818745760597171,singlet
GGCGACTCACCCTATC-4-3,12,0.9392628634208464,singlet
GGCGACTCACGGTAAG-4-3,12,0.851780152562865,singlet
GGCGTGTAGATGCCAG-4-3,13,0.3951124755226638,singlet
GGCGTGTAGATTACCC-4-3,12,0.8981518191535274,singlet
GGCGTGTAGGCTCTTA-4-3,12,0.8692704350933846,singlet
GGCGTGTCACGACGAA-4-3,13,0.7520812114657142,singlet
GGCGTGTCATATACGC-4-3,13,0.4970557772580935,singlet
GGCGTGTGTTGGTAAA-4-3,13,0.7177404545073229,singlet
GGCGTGTTCAGGCGAA-4-3,12,0.9682160181375176,singlet
GGCGTGTTCTAGCACA-4-3,12,0.9563306011745498,singlet
GGCTCGAAGGCCATAG-4-3,12,0.8182023792915682,singlet
GGCTCGAAGTGCAAGC-4-3,12,0.8651894898519541,singlet
GGCTCGAAGTGCGATG-4-3,13,0.7522306687632628,singlet
GGCTCGACAGCTCGAC-4-3,13,0.5223432532152325,singlet
GGCTCGACATCTACGA-4-3,13,0.7039058108679002,singlet
GGCTCGAGTTCAACCA-4-3,12,0.8733148780878092,singlet
GGCTCGATCCCAACGG-4-3,12,0.9463933005871438,singlet
GGCTGGTAGATGGCGT-4-3,12,0.8669251449920838,singlet
GGCTGGTCAGTAGAGC-4-3,12,0.8549446119688935,singlet
GGCTGGTGTTAGATGA-4-3,12,0.8718155433236182,singlet
GGCTGGTTCGTTGCCT-4-3,12,0.8666081562191769,singlet
GGCTGGTTCTTCCTTC-4-3,13,0.7913240405478649,singlet
GGGAATGAGGTACTCT-4-3,12,0.9995434231748505,singlet
GGGAATGTCAATACCG-4-3,12,0.8568149241168418,singlet
GGGAATGTCTAACGGT-4-3,12,0.8530495409061225,singlet
GGGAATGTCTTTACGT-4-3,12,0.8945131775684201,singlet
GGGACCTAGACGACGT-4-3,12,0.8636584134536538,singlet
GGGACCTAGCCAACAG-4-3,13,0.7371812579680042,singlet
GGGACCTCACAAGCCC-4-3,13,0.6868016605193504,singlet
GGGACCTCAGGGTTAG-4-3,12,0.8790971465245907,singlet
GGGACCTTCATAACCG-4-3,12,0.8659478061370575,singlet
GGGAGATAGTCTCGGC-4-3,12,0.8487655286059652,singlet
GGGAGATGTCTCAACA-4-3,12,0.8663787418570078,singlet
GGGAGATTCCTCGCAT-4-3,5,0.9939087263734764,singlet
GGGAGATTCGTGGTCG-4-3,12,0.8396717781028433,singlet
GGGATGAAGAAGGACA-4-3,12,0.8005693995732515,singlet
GGGATGAAGACATAAC-4-3,13,0.7818280018973262,singlet
GGGATGACAAAGAATC-4-3,12,0.9590520283164408,singlet
GGGATGAGTTGATTCG-4-3,12,0.9661041361123648,singlet
GGGCACTGTCTAGGTT-4-3,13,0.7021642446049546,singlet
GGGCACTGTTCGTGAT-4-3,12,0.8282914705547173,singlet
GGGCATCCACAGCGTC-4-3,13,0.7510436233729482,singlet
GGGTCTGGTGATGCCC-4-3,12,0.921134385201028,singlet
GGGTCTGGTGGTAACG-4-3,13,0.714369443902558,singlet
GGGTCTGTCCTAGAAC-4-3,12,0.8018886215746367,singlet
GGGTTGCAGCGATATA-4-3,13,0.6232696018090383,singlet
GGGTTGCGTAAACCTC-4-3,12,0.9997357516624656,singlet
GGTATTGAGATCCCGC-4-3,13,0.6847826638619043,singlet
GGTATTGGTATCAGTC-4-3,12,0.8639301330176028,singlet
GGTATTGGTTTAGCTG-4-3,12,0.813132054390283,singlet
GGTATTGTCTGGAGCC-4-3,13,0.6842854433250987,singlet
GGTGAAGAGACCCACC-4-3,12,0.9573049748103613,singlet
GGTGAAGCACATAACC-4-3,12,0.967747884932265,singlet
GGTGAAGCACTACAGT-4-3,12,0.8700451920523111,singlet
GGTGAAGCATCAGTCA-4-3,12,0.8538439294836176,singlet
GGTGAAGCATCGGAAG-4-3,13,0.3802080055448364,singlet
GGTGAAGCATTACCTT-4-3,12,0.8780549042623337,singlet
GGTGAAGGTGGTCCGT-4-3,13,0.7505248750053716,singlet
GGTGCGTCAACCGCCA-4-3,13,0.7042924094343614,singlet
GGTGCGTCAGGATTGG-4-3,13,0.7977726736049897,singlet
GGTGCGTCATGTAGTC-4-3,2,0.9953984211627672,singlet
GGTGCGTGTCGTCTTC-4-3,13,0.7474248121546078,singlet
GGTGCGTGTGCACTTA-4-3,12,0.906506205697122,singlet
GGTGTTAGTAAGTGGC-4-3,12,0.871417723428021,singlet
GGTGTTATCCGCAAGC-4-3,12,0.9341429862964769,singlet
GGTGTTATCTACTATC-4-3,13,0.7481326939336295,singlet
GTAACGTAGAAAGTGG-4-3,12,0.9453429276023984,singlet
GTAACGTAGCCGATTT-4-3,12,0.8750780706105745,singlet
GTAACGTAGCTCAACT-4-3,12,0.852477480994808,singlet
GTAACGTAGTGGTAAT-4-3,13,0.6584169326836438,singlet
GTAACGTAGTTAGGTA-4-3,4,0.9994149712187524,singlet
GTAACGTCACACTGCG-4-3,12,0.8639234891591483,singlet
GTAACGTTCAACGGGA-4-3,12,0.8486387957317861,singlet
GTAACGTTCATGCATG-4-3,13,0.7436558186880191,singlet
GTAACTGTCTGAGGGA-4-3,12,0.8650011211053417,singlet
GTACGTACAATAACGA-4-3,12,0.9069075648679792,singlet
GTACGTACACTAAGTC-4-3,12,0.8945207558073824,singlet
GTACGTACAGCTATTG-4-3,13,0.7537875012298846,singlet
GTACGTAGTTTCGCTC-4-3,12,0.9938452165357538,singlet
GTACGTATCGATAGAA-4-3,12,0.9487357001826028,singlet
GTACGTATCGTCTGCT-4-3,12,0.9064376788063868,singlet
GTACTCCAGAACTCGG-4-3,13,0.7846024011376542,singlet
GTACTCCGTCGCTTCT-4-3,13,0.7479440156169813,singlet
GTACTCCTCCAACCAA-4-3,13,0.7559170403597466,singlet
GTACTCCTCCTTTACA-4-3,12,0.8637705507965084,singlet
GTACTTTCAAGCGAGT-4-3,12,0.8775461070500986,singlet
GTACTTTCATGACATC-4-3,13,0.6136613477785461,singlet
GTACTTTCATGCCTTC-4-3,13,0.5495761223760631,singlet
GTACTTTGTCTCACCT-4-3,13,0.7309536201666023,singlet
GTAGGCCAGAGGGCTT-4-3,13,0.7903405807251154,singlet
GTAGGCCGTGGGTATG-4-3,12,0.8798443313587483,singlet
GTAGTCAAGATAGGAG-4-3,12,0.8467880835132519,singlet
GTAGTCAAGCTACCTA-4-3,12,0.8706439638306834,singlet
GTAGTCACATGCCCGA-4-3,12,0.9560414622832982,singlet
GTAGTCAGTCTCTTTA-4-3,12,0.9925632359048824,singlet
GTAGTCAGTGGTCCGT-4-3,12,0.8746800176324226,singlet
GTAGTCATCTCACATT-4-3,12,0.857106781453526,singlet
GTATCTTAGATAGCAT-4-3,12,0.840040102434393,singlet
GTATCTTGTGTTGGGA-4-3,2,0.964412020077255,singlet
GTATCTTGTTAAAGAC-4-3,13,0.7820112520372953,singlet
GTATCTTGTTTAGCTG-4-3,12,0.867493632880589,singlet
GTATCTTTCTTGTATC-4-3,13,0.5710349740230688,singlet
GTATTCTAGCAACGGT-4-3,12,0.9620907999645466,singlet
GTATTCTAGCGATTCT-4-3,12,0.8697602884296619,singlet
GTATTCTCAATGGATA-4-3,12,0.9506855323924024,singlet
GTATTCTTCTGTTGAG-4-3,12,0.8945671346629354,singlet
GTCAAGTAGTGAATTG-4-3,12,0.9639179542290038,singlet
GTCAAGTAGTGGCACA-4-3,12,0.8492205366971973,singlet
GTCAAGTGTGTCTGAT-4-3,12,0.8192482923414682,singlet
GTCAAGTGTTATGCGT-4-3,13,0.6623567938475279,singlet
GTCACAAAGAAGCCCA-4-3,13,0.4732656859375496,singlet
GTCACAAAGATTACCC-4-3,12,0.8398865470103523,singlet
GTCACAAAGCTAGGCA-4-3,13,0.6672557890044316,singlet
GTCACAACAAACCTAC-4-3,13,0.7212455623346582,singlet
GTCACAAGTGCCTGTG-4-3,13,0.5790158447531736,singlet
GTCACAATCACAAACC-4-3,12,0.8889250274132526,singlet
GTCACAATCCAAAGTC-4-3,12,0.8412710829422663,singlet
GTCACGGAGATGGGTC-4-3,13,0.7485115242943473,singlet
GTCACGGGTCATGCAT-4-3,12,0.887850028114214,singlet
GTCATTTAGGTGACCA-4-3,12,0.9315006570887532,singlet
GTCATTTTCAGTCCCT-4-3,12,0.8715516226604869,singlet
GTCCTCACAAATCCGT-4-3,13,0.7759069182853646,singlet
GTCCTCACAGCCTGTG-4-3,13,0.7431285205983539,singlet
GTCCTCATCAGCGATT-4-3,12,0.9683044501437402,singlet
GTCGGGTCAATCTACG-4-3,12,0.8732513409818886,singlet
GTCGGGTCAATGGACG-4-3,13,0.7460300851847118,singlet
GTCGGGTCAGACGCAA-4-3,12,0.9993903078292656,singlet
GTCGGGTCAGCTCCGA-4-3,12,0.96643892398053,singlet
GTCGGGTCAGTTCATG-4-3,12,0.9953159997914902,singlet
GTCGGGTGTATGAATG-4-3,13,0.37736411701223,singlet
GTCGGGTTCACCTTAT-4-3,13,0.3676661019494184,singlet
GTCGGGTTCTGCCCTA-4-3,12,0.8949849554444066,singlet
GTCGGGTTCTGCGTAA-4-3,12,0.8782646335962689,singlet
GTCGTAAAGTCTCAAC-4-3,12,0.8644287362321816,singlet
GTCGTAACAGTCACTA-4-3,13,0.4557129897793587,singlet
GTCGTAATCAGCTCTC-4-3,12,0.8456637611084588,singlet
GTCTCGTAGGCGCTCT-4-3,13,0.7536845624016458,singlet
GTCTCGTAGTGTACTC-4-3,12,0.8641686171605903,singlet
GTCTCGTGTGGTAACG-4-3,12,0.8702555642926496,singlet
GTCTTCGAGACTGGGT-4-3,12,0.8782815595751858,singlet
GTCTTCGTCGTGGGAA-4-3,12,0.8782162242554599,singlet
GTGAAGGCAATGCCAT-4-3,12,0.945207499054013,singlet
GTGAAGGCACCGGAAA-4-3,12,0.9576817691132198,singlet
GTGAAGGCATCACCCT-4-3,12,0.8184837042767819,singlet
GTGAAGGGTAGCGTAG-4-3,12,0.8678444998686954,singlet
GTGAAGGTCGAGAGCA-4-3,12,0.8536004682997521,singlet
GTGAAGGTCTGTTTGT-4-3,12,0.8610767433167261,singlet
GTGCAGCAGTAGCCGA-4-3,12,0.8576417307662898,singlet
GTGCAGCAGTTACGGG-4-3,12,0.9112160367192584,singlet
GTGCAGCCAGTCACTA-4-3,13,0.746180978568847,singlet
GTGCATAGTCCAGTAT-4-3,12,0.8450550351209856,singlet
GTGCATAGTTGTACAC-4-3,12,0.8718944423550603,singlet
GTGCATATCCACTCCA-4-3,13,0.777707977248275,singlet
GTGCGGTCAAGCTGTT-4-3,12,0.8493221304443035,singlet
GTGCGGTGTAGTGAAT-4-3,13,0.7159732499505231,singlet
GTGCGGTGTTGTTTGG-4-3,12,0.9682435848388196,singlet
GTGCGGTTCCTTGACC-4-3,12,0.9564950983545938,singlet
GTGCTTCGTTCCATGA-4-3,12,0.8631476764777096,singlet
GTGGGTCTCCACGCAG-4-3,12,0.8380867856043205,singlet
GTGGGTCTCTCAAGTG-4-3,12,0.9990519451351644,singlet
GTGTGCGAGGTACTCT-4-3,13,0.6504683857749469,singlet
GTGTGCGCACGGTAGA-4-3,12,0.8624387565816573,singlet
GTTAAGCCAAGTCATC-4-3,13,0.7144052775436913,singlet
GTTAAGCCACGGCCAT-4-3,13,0.4774422797007485,singlet
GTTAAGCGTGTGTGCC-4-3,12,0.8543678223868847,singlet
GTTAAGCGTTCACCTC-4-3,12,0.9620143097121449,singlet
GTTAAGCTCAGTCAGT-4-3,13,0.4647127084189993,singlet
GTTAAGCTCTTTAGTC-4-3,12,0.968177147104297,singlet
GTTACAGAGGAATCGC-4-3,13,0.781927643697006,singlet
GTTACAGGTCTTCTCG-4-3,12,0.9615718169829574,singlet
GTTACAGGTTAAAGAC-4-3,12,0.8674198875693687,singlet
GTTACAGGTTACAGAA-4-3,13,0.7545465083238247,singlet
GTTCATTCATCACGTA-4-3,12,0.9686101431617884,singlet
GTTCATTCATTAGGCT-4-3,12,0.9529712446144938,singlet
GTTCATTGTCTCAACA-4-3,12,0.8478518927141441,singlet
GTTCATTGTTTAAGCC-4-3,13,0.7365080231226432,singlet
GTTCGGGAGGTGTTAA-4-3,12,0.9515024845572247,singlet
GTTCTCGCACCTCGTT-4-3,12,0.850840105786295,singlet
GTTCTCGGTAAACACA-4-3,13,0.5620258140876989,singlet
GTTCTCGGTGCTGTAT-4-3,12,0.8954566553359857,singlet
GTTCTCGGTTCACCTC-4-3,12,0.8454049918163621,singlet
GTTCTCGTCCTCAATT-4-3,12,0.8601515851426436,singlet
GTTCTCGTCTCTAAGG-4-3,12,0.960564567635534,singlet
GTTTCTAAGAGGTTAT-4-3,13,0.7390707903337773,singlet
GTTTCTAAGCGGATCA-4-3,12,0.8697408633867998,singlet
GTTTCTACATGCAACT-4-3,13,0.7500142011636749,singlet
GTTTCTATCCAAACTG-4-3,12,0.8676009989793371,singlet
GTTTCTATCGTCACGG-4-3,12,0.8482555824369042,singlet
GTTTCTATCTTCTGGC-4-3,13,0.3951547644380368,singlet
TAAACCGAGCCACTAT-4-3,12,0.8693576875741468,singlet
TAAACCGCAACACGCC-4-3,12,0.9551573540011488,singlet
TAAACCGGTCGAATCT-4-3,12,0.9726268602801031,singlet
TAAACCGGTGACCAAG-4-3,12,0.8528788043316958,singlet
TAAGAGAAGCTGCGAA-4-3,12,0.9436540314441816,singlet
TAAGAGACAGTAGAGC-4-3,13,0.755572795342173,singlet
TAAGAGAGTCAATGTC-4-3,12,0.9619056188719688,singlet
TAAGAGAGTGACGGTA-4-3,12,0.9992120150975116,singlet
TAAGCGTCAAAGAATC-4-3,12,0.9398721031551424,singlet
TAAGCGTCATTCTCAT-4-3,13,0.7577568674488442,singlet
TAAGCGTGTGAACCTT-4-3,13,0.7183158606110721,singlet
TAAGCGTGTTGTGGAG-4-3,13,0.7544556530589275,singlet
TAAGCGTTCGTACCGG-4-3,12,0.9531096296426956,singlet
TAAGTGCCATTGGTAC-4-3,12,0.8588407276585818,singlet
TAAGTGCTCGAACTGT-4-3,13,0.549878363825949,singlet
TACACGAAGCAATATG-4-3,12,0.8297549869274128,singlet
TACACGAGTAAGGATT-4-3,12,0.8624046072780575,singlet
TACACGAGTGTGCGTC-4-3,12,0.8634303894472206,singlet
TACACGATCACAACGT-4-3,13,0.3419257664882769,singlet
TACACGATCATCACCC-4-3,12,0.878756550030589,singlet
TACAGTGCAAGTCATC-4-3,13,0.7816002861887035,singlet
TACCTATAGTAGGCCA-4-3,12,0.8613361611005357,singlet
TACCTATCAATGGACG-4-3,12,0.895923279467658,singlet
TACCTATTCGTTTATC-4-3,12,0.8699607060175889,singlet
TACCTTAAGAAAGTGG-4-3,12,0.948579207822556,singlet
TACCTTAAGCTATGCT-4-3,12,0.9283042515883332,singlet
TACCTTAAGGTTACCT-4-3,12,0.8483077857189965,singlet
TACCTTACAACACCTA-4-3,12,0.9764593756928324,singlet
TACCTTACACGTAAGG-4-3,12,0.8273745068892464,singlet
TACCTTACACTCAGGC-4-3,13,0.7687499952202642,singlet
TACCTTATCCCAACGG-4-3,13,0.7339384830341327,singlet
TACCTTATCCCTTGTG-4-3,12,0.8735153907420278,singlet
TACCTTATCCGCGGTA-4-3,12,0.8770598253656181,singlet
TACGGATCATTGTGCA-4-3,13,0.7247723844357365,singlet
TACGGATGTGTCCTCT-4-3,12,0.8491671355248182,singlet
TACGGATGTTACGACT-4-3,12,0.8589362052798882,singlet
TACGGATGTTCGCGAC-4-3,12,0.8574720577947766,singlet
TACGGATTCGGATGGA-4-3,13,0.7575730153309368,singlet
TACGGGCCATCTATGG-4-3,13,0.7558963578023489,singlet
TACGGGCGTACATGTC-4-3,12,0.8686587075959564,singlet
TACGGGCGTATGCTTG-4-3,12,0.8514438993878417,singlet
TACGGGCGTATTAGCC-4-3,12,0.9685236339592918,singlet
TACGGGCGTTCGAATC-4-3,12,0.8581439678409155,singlet
TACGGTACAATACGCT-4-3,12,0.8736933332293914,singlet
TACGGTACATATGGTC-4-3,13,0.4882059071667202,singlet
TACGGTAGTAATAGCA-4-3,13,0.6540555581900331,singlet
TACGGTATCCCTTGTG-4-3,13,0.6441372889127557,singlet
TACGGTATCTATCCCG-4-3,12,0.8346454082176376,singlet
TACTCATCAGAGCCAA-4-3,12,0.9619677255027778,singlet
TACTCATCATCAGTCA-4-3,12,0.9621635238717162,singlet
TACTCATTCTGAGGGA-4-3,12,0.8727157691029453,singlet
TACTCGCCAGATAATG-4-3,12,0.8765025432187136,singlet
TACTCGCGTAAGGGAA-4-3,12,0.9066576449285082,singlet
TACTCGCGTTCAACCA-4-3,13,0.7535525227159683,singlet
TACTTACAGCCCAGCT-4-3,13,0.753735882810279,singlet
TACTTACCACCGAATT-4-3,13,0.7526452202286363,singlet
TACTTACGTGTAATGA-4-3,12,0.8481752253507753,singlet
TACTTACGTTAAGAAC-4-3,12,0.871965710797152,singlet
TACTTACTCCTCAATT-4-3,12,0.8439165884657575,singlet
TACTTACTCTACCTGC-4-3,13,0.7514984134535388,singlet
TACTTGTAGAGCAATT-4-3,13,0.7436997470564174,singlet
TACTTGTGTCCATGAT-4-3,12,0.86200085456063,singlet
TAGACCAAGATAGGAG-4-3,12,0.8637156025047074,singlet
TAGACCACACGTCTCT-4-3,13,0.4171682921204709,singlet
TAGACCACAGGAATCG-4-3,13,0.7780809628464624,singlet
TAGACCAGTTCGGCAC-4-3,12,0.8919364714467907,singlet
TAGACCATCGTAGGAG-4-3,12,0.8062557706163481,singlet
TAGAGCTAGAGGTTGC-4-3,12,0.8647783953761273,singlet
TAGAGCTAGATCCCGC-4-3,12,0.834118881562425,singlet
TAGAGCTAGCGGATCA-4-3,13,0.7465192493784385,singlet
TAGAGCTAGTGAACAT-4-3,12,0.8780683710114972,singlet
TAGAGCTCAAAGCGGT-4-3,12,0.8682132317819647,singlet
TAGCCGGCACGAGAGT-4-3,12,0.9027707473220944,singlet
TAGCCGGCATTAGGCT-4-3,12,0.9491617269825836,singlet
TAGCCGGTCGCTGATA-4-3,12,0.9569565562989522,singlet
TAGCCGGTCTGCTTGC-4-3,12,0.8726206280347576,singlet
TAGGCATAGAGTACCG-4-3,13,0.7921857279892058,singlet
TAGGCATCAACTGCGC-4-3,12,0.855689359770735,singlet
TAGGCATCAAGACGTG-4-3,12,0.8489183999768721,singlet
TAGTGGTCACAGTCGC-4-3,13,0.7476174484638387,singlet
TAGTGGTCAGATCTGT-4-3,13,0.7782510008135565,singlet
TAGTGGTGTACGCACC-4-3,13,0.5366356454712856,singlet
TAGTGGTGTAGAGGAA-4-3,13,0.7733038489566757,singlet
TAGTGGTGTCATACTG-4-3,13,0.7491962809828953,singlet
TAGTGGTGTTAAGATG-4-3,12,0.9069436408757376,singlet
TAGTGGTTCTTGAGAC-4-3,12,0.84020126072096,singlet
TAGTTGGAGCGTGAAC-4-3,12,0.8555728980738513,singlet
TAGTTGGAGGCCGAAT-4-3,13,0.7513431721308703,singlet
TAGTTGGGTTACGCGC-4-3,12,0.829796173651085,singlet
TAGTTGGTCCGGCACA-4-3,13,0.5868121096691541,singlet
TATCAGGCAAAGAATC-4-3,12,0.9048724440431304,singlet
TATCAGGCATACTACG-4-3,12,0.8688027171432466,singlet
TATCAGGGTATATGAG-4-3,12,0.8708129734951359,singlet
TATCAGGTCAAACCAC-4-3,12,0.8407345007421893,singlet
TATCAGGTCATGCTCC-4-3,13,0.7184000656637674,singlet
TATCTCAAGATGCCAG-4-3,12,0.902614734064507,singlet
TATCTCATCAATCACG-4-3,12,0.8605941022069771,singlet
TATGCCCAGAAGCCCA-4-3,12,0.8134070226552775,singlet
TATGCCCAGATCCCGC-4-3,13,0.4959231486504561,singlet
TATGCCCAGTGCCAGA-4-3,13,0.7348278904230295,singlet
TATGCCCCACAGGCCT-4-3,12,0.9642293800027948,singlet
TATGCCCTCACGCGGT-4-3,13,0.7745457191215847,singlet
TATTACCGTAGCGATG-4-3,12,0.9005537791291225,singlet
TATTACCGTTGAGTTC-4-3,13,0.6962537454831252,singlet
TATTACCTCACCACCT-4-3,12,0.8975085924280553,singlet
TATTACCTCGAATCCA-4-3,12,0.9429389923048987,singlet
TATTACCTCGCAAGCC-4-3,13,0.6846264220764745,singlet
TCAACGAGTGGTAACG-4-3,12,0.8786956509934639,singlet
TCAACGATCCAAGTAC-4-3,12,0.894942728406193,singlet
TCAACGATCTACGAGT-4-3,12,0.8732762393184926,singlet
TCAATCTAGACCTTTG-4-3,13,0.7293914886977201,singlet
TCAATCTGTAACGCGA-4-3,12,0.8981932034763858,singlet
TCAATCTTCCGAACGC-4-3,12,0.9504548313781476,singlet
TCAATCTTCGTACCGG-4-3,12,0.8457979878780092,singlet
TCACAAGAGGCGACAT-4-3,12,0.9985012939018284,singlet
TCACAAGCAGTATAAG-4-3,12,0.966960189933458,singlet
TCACAAGCATGGTCTA-4-3,13,0.446412388800133,singlet
TCACAAGGTACTTCTT-4-3,12,0.8665804635140609,singlet
TCACAAGGTCCATCCT-4-3,12,0.8760329665693413,singlet
TCACGAAAGTGACTCT-4-3,12,0.8618737546771311,singlet
TCACGAACAATCGGTT-4-3,12,0.8918341930504379,singlet
TCACGAAGTTTAGGAA-4-3,12,0.8424850442578053,singlet
TCAGATGAGGTCGGAT-4-3,13,0.757808710031141,singlet
TCAGATGAGTGTACGG-4-3,13,0.2044453291823445,singlet
TCAGATGCATCGGTTA-4-3,12,0.887295019646664,singlet
TCAGATGGTGACCAAG-4-3,12,0.9665399383695836,singlet
TCAGATGTCAACACAC-4-3,12,0.8630380588072,singlet
TCAGCAAAGTGTCCCG-4-3,13,0.7375678651956991,singlet
TCAGCAAGTATCAGTC-4-3,13,0.6526345883547907,singlet
TCAGCTCAGGGTTTCT-4-3,12,0.8552794383523106,singlet
TCAGCTCGTATAGTAG-4-3,13,0.6056934200471572,singlet
TCAGCTCTCCCAAGTA-4-3,12,0.8567456619205306,singlet
TCAGGATAGCTGTTCA-4-3,12,0.8412270659213674,singlet
TCAGGATCACACAGAG-4-3,13,0.751908822956805,singlet
TCAGGATCACAGGTTT-4-3,13,0.725806721705009,singlet
TCAGGTAAGACACTAA-4-3,13,0.7744716326833876,singlet
TCAGGTAAGCTCCTCT-4-3,12,0.8712625079769735,singlet
TCAGGTAAGCTGCAAG-4-3,13,0.7596687769428803,singlet
TCAGGTACAAGCCGTC-4-3,12,0.8699229457150592,singlet
TCAGGTACAAGCGCTC-4-3,12,0.9538581344843368,singlet
TCATTACCACGCCAGT-4-3,12,0.8679606487344217,singlet
TCATTACTCAATCACG-4-3,13,0.6863806036275735,singlet
TCATTTGAGCCCAGCT-4-3,12,0.9588730628907922,singlet
TCATTTGCAGATCGGA-4-3,13,0.6449589013763226,singlet
TCCACACAGGGTTTCT-4-3,12,0.861130216445528,singlet
TCCACACCACCAGTTA-4-3,13,0.769984926813778,singlet
TCCACACCATACCATG-4-3,4,0.9994149551380924,singlet
TCCACACTCGTAGGAG-4-3,12,0.899177816798014,singlet
TCCACACTCGTTTAGG-4-3,13,0.7556776547321097,singlet
TCCACACTCTGAGTGT-4-3,13,0.7816002861867875,singlet
TCCCGATAGGGCTCTC-4-3,12,0.8565086307297267,singlet
TCCCGATAGTTCCACA-4-3,13,0.7541924408473963,singlet
TCCCGATCAATGGAGC-4-3,12,0.8843262480730542,singlet
TCCCGATCATCAGTAC-4-3,13,0.7264021730117766,singlet
TCGAGGCAGCCAGTTT-4-3,13,0.4360526662721166,singlet
TCGAGGCCAGCTGTGC-4-3,12,0.8781767229093957,singlet
TCGAGGCTCTATGTGG-4-3,12,0.891558857019623,singlet
TCGCGAGCAGGCTCAC-4-3,12,0.8526062828952611,singlet
TCGCGAGTCCTGCTTG-4-3,12,0.8982535942502753,singlet
TCGCGTTAGGACACCA-4-3,13,0.7490973863646598,singlet
TCGCGTTAGGGCATGT-4-3,13,0.4390009088105173,singlet
TCGCGTTCAGACACTT-4-3,13,0.751933912195444,singlet
TCGCGTTGTCATATGC-4-3,12,0.99949463288354,singlet
TCGCGTTGTGCGAAAC-4-3,12,0.852335036762793,singlet
TCGCGTTGTGCGCTTG-4-3,13,0.7345982338599356,singlet
TCGCGTTTCTCGCTTG-4-3,13,0.5309868150329158,singlet
TCGGGACAGCACAGGT-4-3,13,0.354491616436237,singlet
TCGGGACAGGAGTTTA-4-3,12,0.8619173996364486,singlet
TCGGGACAGTCCATAC-4-3,12,0.8575348633770906,singlet
TCGGGACGTCGAGATG-4-3,12,0.83616610875554,singlet
TCGGGACTCTGCTGCT-4-3,12,0.8668815391878053,singlet
TCGGTAAAGCCCAGCT-4-3,13,0.639562775243557,singlet
TCGGTAAAGGCTAGCA-4-3,13,0.5633098312098355,singlet
TCGGTAACAGGAACGT-4-3,12,0.8748107450495667,singlet
TCGGTAAGTAGCTGCC-4-3,12,0.9690015395909908,singlet
TCGGTAAGTTCCAACA-4-3,12,0.8673852701661927,singlet
TCGGTAAGTTCGTCTC-4-3,12,0.8555632554922645,singlet
TCGGTAATCAGATAAG-4-3,12,0.9359513167561088,singlet
TCGGTAATCTAAGCCA-4-3,12,0.8063012380919243,singlet
TCGGTAATCTATCGCC-4-3,13,0.7692869944308002,singlet
TCGGTAATCTTGCCGT-4-3,12,0.8785628655136553,singlet
TCGTACCGTCTACCTC-4-3,13,0.7545292337058848,singlet
TCGTACCTCCTCAACC-4-3,12,0.9612267510487138,singlet
TCGTAGATCAAAGACA-4-3,12,0.8183588600200479,singlet
TCGTAGATCTTACCTA-4-3,12,0.95391186745352,singlet
TCTATTGGTTCTGAAC-4-3,12,0.8658491862193212,singlet
TCTATTGTCAGGCAAG-4-3,12,0.8647969585353592,singlet
TCTCATAAGAAGGTGA-4-3,13,0.748499500564267,singlet
TCTCATAAGCTAAGAT-4-3,12,0.8980861466142739,singlet
TCTCATAAGGTGGGTT-4-3,3,0.968118490386656,singlet
TCTCATACACGCTTTC-4-3,12,0.8555638964202319,singlet
TCTCATACACGGTAAG-4-3,13,0.641619292903035,singlet
TCTCATATCTCAACTT-4-3,12,0.8592341166139801,singlet
TCTCTAAAGACCTAGG-4-3,13,0.7560646089169692,singlet
TCTCTAACAGTTTACG-4-3,12,0.9612424290482272,singlet
TCTCTAAGTTGGTAAA-4-3,13,0.551053793274765,singlet
TCTGAGAAGTGGGATC-4-3,12,0.8675823390019007,singlet
TCTGAGACATCCTTGC-4-3,12,0.8597992101285021,singlet
TCTGAGACATTCTCAT-4-3,13,0.706789881490584,singlet
TCTGAGAGTATCTGCA-4-3,12,0.8646604270353504,singlet
TCTGAGAGTGCGGTAA-4-3,12,0.8720207047672509,singlet
TCTGGAAGTCTTGCGG-4-3,13,0.7436391546212939,singlet
TCTTCGGAGCCCTAAT-4-3,12,0.8658772033116074,singlet
TCTTCGGAGTGTTTGC-4-3,13,0.7246572441787009,singlet
TCTTCGGGTGGTTTCA-4-3,12,0.862365883216621,singlet
TCTTCGGGTGTGGCTC-4-3,12,0.894881134889724,singlet
TCTTCGGTCTCGAGTA-4-3,12,0.8722897621692824,singlet
TCTTCGGTCTGGAGCC-4-3,12,0.8695679120021412,singlet
TCTTTCCAGAGCTTCT-4-3,12,0.9588971843115252,singlet
TCTTTCCGTAAGTAGT-4-3,12,0.8652935354270441,singlet
TCTTTCCGTCCCTACT-4-3,13,0.7776538615237081,singlet
TCTTTCCTCTGGCGAC-4-3,12,0.8500790741458167,singlet
TGAAAGAAGCCCAATT-4-3,13,0.7343227063437572,singlet
TGAAAGATCTGCTGCT-4-3,12,0.9605584254800132,singlet
TGACAACCATGACATC-4-3,12,0.8578455725900267,singlet
TGACAACGTAGCAAAT-4-3,12,0.9139752678258416,singlet
TGACAACGTCGCCATG-4-3,12,0.851936435310777,singlet
TGACGGCAGAAGGGTA-4-3,12,0.8664062785656965,singlet
TGACGGCAGCGTCTAT-4-3,13,0.7556392814112383,singlet
TGACGGCGTCTAGTCA-4-3,12,0.8680093809635512,singlet
TGACGGCTCCATGAGT-4-3,13,0.6091289057060858,singlet
TGACTAGCACCAGGCT-4-3,13,0.5042988683374656,singlet
TGACTAGTCTCCGGTT-4-3,13,0.6935075186239729,singlet
TGACTTTGTCCAGTGC-4-3,13,0.7243801041030692,singlet
TGAGAGGAGCTAGTGG-4-3,12,0.8616832157856085,singlet
TGAGAGGAGTGACTCT-4-3,12,0.8132675941029129,singlet
TGAGAGGAGTGATCGG-4-3,13,0.7895468914217336,singlet
TGAGAGGAGTTCCACA-4-3,13,0.5056016248242181,singlet
TGAGAGGCAGCCAATT-4-3,13,0.7940319981641921,singlet
TGAGAGGCAGGCGATA-4-3,12,0.958851684148924,singlet
TGAGAGGGTACATCCA-4-3,12,0.8617670416291532,singlet
TGAGAGGGTTGTTTGG-4-3,13,0.7748069442390393,singlet
TGAGCATAGACGCACA-4-3,12,0.9574849438850758,singlet
TGAGCATCACCGAAAG-4-3,12,0.8679908523417975,singlet
TGAGCATCACCTCGGA-4-3,13,0.5765389154765056,singlet
TGAGCATGTCTCCACT-4-3,12,0.8577471733424015,singlet
TGAGCCGAGATAGTCA-4-3,12,0.8700595895228483,singlet
TGAGCCGTCATGTCTT-4-3,13,0.7301991229863893,singlet
TGAGCCGTCGCGCCAA-4-3,12,0.8720429455913704,singlet
TGAGCCGTCTGTACGA-4-3,12,0.8669001276177711,singlet
TGAGGGAAGCCCTAAT-4-3,12,0.9188162801279184,singlet
TGAGGGATCAACCATG-4-3,13,0.7821269187204132,singlet
TGAGGGATCAGGTTCA-4-3,13,0.7538281468736893,singlet
TGAGGGATCCATGCTC-4-3,12,0.8546128192359294,singlet
TGATTTCCATTATCTC-4-3,12,0.8672838392972037,singlet
TGATTTCGTAATAGCA-4-3,12,0.8711504954438756,singlet
TGATTTCTCACCAGGC-4-3,12,0.8919144838571479,singlet
TGCACCTAGATGTGGC-4-3,12,0.8534910597509459,singlet
TGCACCTCAATAGCAA-4-3,12,0.8754340024113755,singlet
TGCACCTCACGCATCG-4-3,12,0.9620390289695612,singlet
TGCACCTCACGCCAGT-4-3,13,0.4965295657915492,singlet
TGCACCTCAGGGAGAG-4-3,12,0.8947129613779116,singlet
TGCACCTGTGTGTGCC-4-3,12,0.8712466388031674,singlet
TGCACCTGTTACCGAT-4-3,13,0.7179909452312062,singlet
TGCACCTGTTACTGAC-4-3,12,0.8351446822839188,singlet
TGCACCTGTTAGGGTG-4-3,13,0.7522602186415801,singlet
TGCACCTTCATCATTC-4-3,12,0.993068854805394,singlet
TGCCAAAGTGCACGAA-4-3,12,0.8173726001210103,singlet
TGCCAAAGTGTCTGAT-4-3,12,0.9663222024751682,singlet
TGCCCATCAAGAAGAG-4-3,12,0.9584535408952428,singlet
TGCCCATGTACGCTGC-4-3,13,0.7822084344734201,singlet
TGCCCTAAGGGTGTTG-4-3,13,0.6626491479157387,singlet
TGCCCTAGTAGCTTGT-4-3,12,0.8764744465238888,singlet
TGCCCTAGTCCGAACC-4-3,12,0.872495314322061,singlet
TGCCCTAGTCTGGAGA-4-3,12,0.8642531048011394,singlet
TGCGCAGCAGGAATGC-4-3,12,0.9683365084968256,singlet
TGCGCAGGTACCGCTG-4-3,13,0.7560648630004829,singlet
TGCGCAGGTGTTGGGA-4-3,12,0.8691412500404727,singlet
TGCGCAGTCTTTCCTC-4-3,13,0.6135764749738907,singlet
TGCGGGTAGGTGGGTT-4-3,12,0.9947527199768492,singlet
TGCGGGTGTCATGCCG-4-3,13,0.5952610081304027,singlet
TGCGTGGCAGCTGTGC-4-3,13,0.7860533095701794,singlet
TGCGTGGCAGGAATCG-4-3,13,0.7997707384233012,singlet
TGCGTGGGTCGGATCC-4-3,12,0.8482949723823251,singlet
TGCGTGGTCCGCGGTA-4-3,12,0.8997543680269741,singlet
TGCTACCAGAGTGACC-4-3,12,0.8628655513727063,singlet
TGCTACCAGTAACCCT-4-3,12,0.8913205744315033,singlet
TGCTACCCACTTCTGC-4-3,12,0.8691561906245682,singlet
TGCTGCTAGCGTAATA-4-3,12,0.8726764503207218,singlet
TGCTGCTCAAACCCAT-4-3,13,0.7703028906763296,singlet
TGCTGCTGTAATTGGA-4-3,2,0.999519772935908,singlet
TGCTGCTGTCGAAAGC-4-3,12,0.8420406092687085,singlet
TGCTGCTGTCTGCAAT-4-3,12,0.8398670157546052,singlet
TGCTGCTTCACCAGGC-4-3,12,0.8419960267240372,singlet
TGCTGCTTCTGCAGTA-4-3,12,0.8547152642259446,singlet
TGGACGCAGGGCACTA-4-3,12,0.8925684317273456,singlet
TGGACGCCACCGAAAG-4-3,12,0.9460471470987086,singlet
TGGCCAGGTAGCGATG-4-3,12,0.9685755566970656,singlet
TGGCCAGTCACTTCAT-4-3,12,0.848808417882787,singlet
TGGCCAGTCAGGTTCA-4-3,13,0.7642171555364967,singlet
TGGCCAGTCGGAGGTA-4-3,12,0.8569519539345548,singlet
TGGCGCAAGTATTGGA-4-3,12,0.9069274819179948,singlet
TGGCGCATCCGATATG-4-3,13,0.782157545220135,singlet
TGGCGCATCTTGTTTG-4-3,12,0.8638611171966408,singlet
TGGCTGGAGAAACCGC-4-3,13,0.6970719230811949,singlet
TGGCTGGAGAGACTAT-4-3,12,0.87797334653107,singlet
TGGCTGGAGTTAGCGG-4-3,12,0.9938195480461252,singlet
TGGCTGGTCAGCACAT-4-3,12,0.8502374178889647,singlet
TGGCTGGTCCTTGGTC-4-3,12,0.897531555191993,singlet
TGGGAAGAGTTAACGA-4-3,13,0.5559837540950101,singlet
TGGGAAGCAGGACCCT-4-3,13,0.7535481185472825,singlet
TGGGAAGTCTTCATGT-4-3,13,0.4519630380407943,singlet
TGGGCGTAGGGTGTGT-4-3,12,0.8767006491871133,singlet
TGGGCGTGTCGACTAT-4-3,13,0.6331438835148901,singlet
TGGGCGTGTTGTGGCC-4-3,12,0.8648810816514327,singlet
TGGGCGTTCAGGATCT-4-3,12,0.8406027250499647,singlet
TGGGCGTTCGAGAACG-4-3,12,0.8718767317312234,singlet
TGGTTAGAGTGCGTGA-4-3,12,0.987132321649033,singlet
TGGTTAGCAGTGGGAT-4-3,12,0.8766018915667971,singlet
TGGTTAGGTAAACCTC-4-3,12,0.8631272453227662,singlet
TGGTTAGGTGGTCCGT-4-3,12,0.8760842519294811,singlet
TGGTTAGTCGCAAGCC-4-3,12,0.8701882120412692,singlet
TGGTTCCAGAACAACT-4-3,12,0.8613259543266705,singlet
TGGTTCCCAAGCTGGA-4-3,12,0.9826651539583412,singlet
TGGTTCCGTTACGACT-4-3,12,0.8507505994704403,singlet
TGGTTCCGTTTGACAC-4-3,12,0.8780913996211076,singlet
TGTCCCAAGCTGGAAC-4-3,12,0.8724685300264234,singlet
TGTCCCAGTAGCCTCG-4-3,13,0.7550759563579561,singlet
TGTCCCATCAGTGCAT-4-3,13,0.78150372899596,singlet
TGTCCCATCGTCCAGG-4-3,13,0.7531434730331324,singlet
TGTGGTAAGAAGGTTT-4-3,13,0.5448345638469289,singlet
TGTGGTAAGGGATACC-4-3,12,0.9369387004593652,singlet
TGTGTTTAGTTGTAGA-4-3,13,0.7981768083587856,singlet
TGTGTTTCAGCGATCC-4-3,13,0.5969311854402376,singlet
TGTGTTTTCACCCGAG-4-3,13,0.4907354791815465,singlet
TGTTCCGAGGCTATCT-4-3,12,0.8965860507903092,singlet
TGTTCCGGTAGCTAAA-4-3,12,0.9089449692307564,singlet
TGTTCCGGTCTCGTTC-4-3,12,0.8789403341242591,singlet
TTAACTCAGAGTACAT-4-3,12,0.8541248580215061,singlet
TTAACTCAGAGTGAGA-4-3,12,0.8647598162915715,singlet
TTAACTCCACTTAAGC-4-3,13,0.4556744056001868,singlet
TTAACTCCATCTACGA-4-3,13,0.7529760295404383,singlet
TTAACTCGTCGAACAG-4-3,12,0.917590762770186,singlet
TTAGGACTCGCCAGCA-4-3,12,0.906930392275594,singlet
TTAGGCAGTAGCTGCC-4-3,13,0.7366124490103679,singlet
TTAGGCATCACCAGGC-4-3,13,0.7267148097840429,singlet
TTAGTTCGTACTTGAC-4-3,12,0.9027138678953796,singlet
TTAGTTCGTTAAGATG-4-3,13,0.576598283151023,singlet
TTATGCTCACGACGAA-4-3,13,0.4248735072740296,singlet
TTATGCTCACGCTTTC-4-3,13,0.7699204514860352,singlet
TTATGCTCAGCTTAAC-4-3,12,0.8751686512420815,singlet
TTATGCTGTCTCCACT-4-3,12,0.8593319057933445,singlet
TTATGCTTCATGTCCC-4-3,12,0.9186705495908124,singlet
TTATGCTTCCTAGAAC-4-3,13,0.7515113533087925,singlet
TTATGCTTCTAACTTC-4-3,12,0.8782516621507939,singlet
TTATGCTTCTGGGCCA-4-3,12,0.8540729481500339,singlet
TTCCCAGAGGGCTCTC-4-3,12,0.862382402147499,singlet
TTCCCAGAGTGGTCCC-4-3,12,0.8477141322613283,singlet
TTCCCAGCACGTCAGC-4-3,12,0.8707453390649919,singlet
TTCCCAGGTCTCTTTA-4-3,13,0.7557976422772457,singlet
TTCCCAGTCAGCTCGG-4-3,12,0.8690601794594451,singlet
TTCCCAGTCCGCATAA-4-3,12,0.8671315724576018,singlet
TTCCCAGTCGATGAGG-4-3,13,0.7324389728012768,singlet
TTCGAAGAGTGTGAAT-4-3,13,0.7321845068625334,singlet
TTCGAAGTCTCATTCA-4-3,12,0.8718155429548585,singlet
TTCGGTCTCGGCGCAT-4-3,12,0.8458336033798101,singlet
TTCTACACATCGATGT-4-3,12,0.8638061702455468,singlet
TTCTACAGTACTTCTT-4-3,12,0.8478202051049837,singlet
TTCTACAGTTCCCGAG-4-3,12,0.8914164736974542,singlet
TTCTACATCCTGTAGA-4-3,12,0.873112326177234,singlet
TTCTACATCGCGGATC-4-3,13,0.603504941437617,singlet
TTCTCAAAGGTTACCT-4-3,12,0.9057794844456956,singlet
TTCTCAAAGTTGAGTA-4-3,12,0.9066542676642542,singlet
TTCTCAACATGTAAGA-4-3,12,0.87773534963261,singlet
TTCTCAAGTACCAGTT-4-3,13,0.7652327919373652,singlet
TTCTCCTAGATATGGT-4-3,13,0.7248438937240163,singlet
TTCTCCTAGCGCCTCA-4-3,12,0.8731188914706752,singlet
TTCTCCTAGTGATCGG-4-3,12,0.9414214508873326,singlet
TTCTTAGAGGTCATCT-4-3,3,0.8546651442977508,singlet
TTCTTAGCAATCAGAA-4-3,12,0.9291008262751812,singlet
TTCTTAGGTGCACTTA-4-3,12,0.8748320059511273,singlet
TTCTTAGTCGCTAGCG-4-3,13,0.4743020285943203,singlet
TTGAACGAGACTGGGT-4-3,12,0.84837565013682,singlet
TTGAACGAGGATGGAA-4-3,12,0.8764395626206954,singlet
TTGACTTAGAATGTTG-4-3,13,0.5998051408029662,singlet
TTGACTTAGCCACGTC-4-3,13,0.7437919018140944,singlet
TTGACTTCAACCGCCA-4-3,13,0.7820088051832934,singlet
TTGACTTCAAGAAAGG-4-3,12,0.8686013045928178,singlet
TTGACTTTCGGTGTTA-4-3,12,0.8703701190150099,singlet
TTGCCGTAGTACACCT-4-3,0,0.9944025409583862,negative
TTGCCGTCAAGCCGTC-4-3,13,0.6528720451244066,singlet
TTGCCGTCAGCCTTTC-4-3,12,0.848879267116198,singlet
TTGCCGTGTGCCTGTG-4-3,13,0.7480759013703955,singlet
TTGCCGTTCGCACTCT-4-3,12,0.856784338923745,singlet
TTGCGTCCACACCGAC-4-3,13,0.7558955757509029,singlet
TTGCGTCCACGTGAGA-4-3,12,0.8952597395829074,singlet
TTGCGTCCAGTTCCCT-4-3,13,0.7159050739070969,singlet
TTGCGTCGTCAATACC-4-3,12,0.8980505204474721,singlet
TTGCGTCGTCGTCTTC-4-3,4,0.994959102107843,singlet
TTGCGTCTCCGCAAGC-4-3,12,0.9686389323809632,singlet
TTGCGTCTCTTGCAAG-4-3,13,0.4666765071281223,singlet
TTGGAACAGTCCCACG-4-3,12,0.8608801664373802,singlet
TTGGAACGTTATGTGC-4-3,13,0.6248361732100176,singlet
TTGGCAAAGGACATTA-4-3,13,0.6773127554493201,singlet
TTGGCAACAGCCAATT-4-3,13,0.7480219538892563,singlet
TTGGCAAGTACGAAAT-4-3,12,0.958930118064254,singlet
TTGGCAAGTGTTCGAT-4-3,13,0.5402709053774548,singlet
TTGGCAATCACAATGC-4-3,12,0.8760365204902505,singlet
TTGGCAATCGCTGATA-4-3,13,0.7505990611324252,singlet
TTGGCAATCGTCCGTT-4-3,12,0.9139762523299794,singlet
TTGTAGGAGTTAGCGG-4-3,13,0.7400086323586921,singlet
TTGTAGGCAAGTCATC-4-3,12,0.9064539306211348,singlet
TTGTAGGCATGGAATA-4-3,13,0.777217855069978,singlet
TTGTAGGGTGATGATA-4-3,13,0.777603140192506,singlet
TTGTAGGGTTCTGGTA-4-3,12,0.8788169599015183,singlet
TTGTAGGTCCCTAACC-4-3,12,0.8741148511170336,singlet
TTGTAGGTCTGTTGAG-4-3,12,0.863394761300134,singlet
TTTACTGAGATGCGAC-4-3,13,0.7629227798794533,singlet
TTTACTGCAGCCTTGG-4-3,12,0.8430079475071987,singlet
TTTACTGGTGAAATCA-4-3,13,0.6835435978379905,singlet
TTTATGCTCGCCATAA-4-3,12,0.8554888304549952,singlet
TTTGCGCCACACGCTG-4-3,12,0.8716884540116385,singlet
TTTGCGCCACGTCTCT-4-3,12,0.8786904109081454,singlet
TTTGCGCCATCACCCT-4-3,12,0.8716499471628241,singlet
TTTGCGCCATCGACGC-4-3,12,0.9610536688392148,singlet
TTTGCGCGTGGCCCTA-4-3,12,0.8399767177781059,singlet
TTTGCGCTCTATCCTA-4-3,12,0.874340866032708,singlet
TTTGCGCTCTCAAACG-4-3,4,0.950896002116376,singlet
TTTGCGCTCTTGTTTG-4-3,13,0.7528400236815725,singlet
TTTGGTTAGCTTCGCG-4-3,13,0.7293075789635739,singlet
TTTGGTTAGTCGCCGT-4-3,13,0.5143470646836051,singlet
TTTGGTTCAAACGCGA-4-3,13,0.7335713198251078,singlet
TTTGGTTGTAGCTGCC-4-3,12,0.9656271585865244,singlet
TTTGTCACACCAGGTC-4-3,13,0.6715063993121645,singlet
TTTGTCACAGGCTGAA-4-3,13,0.7495333121164179,singlet
TTTGTCAGTGATAAGT-4-3,13,0.7726895323955445,singlet
