"cell_barcode","classification"
"AAACCTGAGAATCTCC-4-3","singlet"
"AAACCTGAGCTTCGCG-4-3","negative"
"AAACCTGAGTTCGCAT-4-3","singlet"
"AAACGGGAGTGTGGCA-4-3","negative"
"AAACGGGCAGCCTGTG-4-3","singlet"
"AAACGGGCAGGCTGAA-4-3","singlet"
"AAACGGGCATGTTCCC-4-3","singlet"
"AAACGGGGTAGGACAC-4-3","singlet"
"AAACGGGGTATCAGTC-4-3","doublet"
"AAACGGGGTCGTGGCT-4-3","singlet"
"AAACGGGTCACCCTCA-4-3","singlet"
"AAACGGGTCCGTAGGC-4-3","singlet"
"AAAGATGAGGATGCGT-4-3","singlet"
"AAAGATGCAATGGAAT-4-3","doublet"
"AAAGATGCACACCGAC-4-3","singlet"
"AAAGATGCACGGATAG-4-3","singlet"
"AAAGATGCACGGTTTA-4-3","singlet"
"AAAGATGGTAACGACG-4-3","singlet"
"AAAGATGGTATGGTTC-4-3","doublet"
"AAAGATGGTGGTCTCG-4-3","singlet"
"AAAGATGTCCCAGGTG-4-3","singlet"
"AAAGATGTCTTCTGGC-4-3","doublet"
"AAAGCAAAGCGCTCCA-4-3","singlet"
"AAAGCAACATGCATGT-4-3","singlet"
"AAAGCAAGTCCGAACC-4-3","singlet"
"AAAGCAATCAAGATCC-4-3","singlet"
"AAAGCAATCGCATGAT-4-3","doublet"
"AAAGTAGAGGTGATTA-4-3","singlet"
"AAAGTAGAGTAGCCGA-4-3","doublet"
"AAAGTAGGTGACTCAT-4-3","singlet"
"AAAGTAGTCCTCTAGC-4-3","doublet"
"AAATGCCAGCTCCTCT-4-3","singlet"
"AAATGCCCAATGCCAT-4-3","singlet"
"AAATGCCCAGACGCCT-4-3","singlet"
"AAATGCCGTGCCTGCA-4-3","singlet"
"AAATGCCTCACAATGC-4-3","singlet"
"AAATGCCTCCTCAACC-4-3","singlet"
"AAATGCCTCGGAGCAA-4-3","singlet"
"AACACGTGTGGACGAT-4-3","singlet"
"AACACGTGTTCACGGC-4-3","negative"
"AACCATGGTAGGCATG-4-3","singlet"
"AACCATGGTCTTCTCG-4-3","singlet"
"AACCATGTCCGTAGGC-4-3","singlet"
"AACCATGTCGAATCCA-4-3","singlet"
"AACCGCGAGACAGACC-4-3","singlet"
"AACCGCGAGAGGACGG-4-3","singlet"
"AACCGCGAGATGTTAG-4-3","negative"
"AACCGCGAGGCTCTTA-4-3","singlet"
"AACGTTGAGCGATATA-4-3","singlet"
"AACGTTGCAATCCGAT-4-3","singlet"
"AACGTTGCAGGCGATA-4-3","singlet"
"AACGTTGGTCAGAAGC-4-3","singlet"
"AACGTTGGTGCACCAC-4-3","singlet"
"AACGTTGTCGAACGGA-4-3","doublet"
"AACTCAGAGCGCTTAT-4-3","singlet"
"AACTCAGAGCGGATCA-4-3","singlet"
"AACTCAGGTAGGGTAC-4-3","doublet"
"AACTCCCAGATGTGTA-4-3","doublet"
"AACTCCCCATTTCACT-4-3","singlet"
"AACTCCCGTCAATGTC-4-3","singlet"
"AACTCTTCAAGCGAGT-4-3","doublet"
"AACTCTTCAGCCTATA-4-3","singlet"
"AACTCTTGTAACGTTC-4-3","singlet"
"AACTCTTTCTACTATC-4-3","singlet"
"AACTCTTTCTTGAGAC-4-3","singlet"
"AACTGGTAGCCGCCTA-4-3","singlet"
"AACTGGTCAATGGATA-4-3","singlet"
"AACTGGTGTACAGTGG-4-3","singlet"
"AACTTTCGTACTCAAC-4-3","singlet"
"AACTTTCGTATATGGA-4-3","singlet"
"AACTTTCGTTCAGTAC-4-3","singlet"
"AACTTTCTCCCAAGTA-4-3","singlet"
"AAGACCTCACAAGTAA-4-3","singlet"
"AAGCCGCGTTCTGGTA-4-3","doublet"
"AAGCCGCGTTTGTGTG-4-3","doublet"
"AAGCCGCTCATCGGAT-4-3","doublet"
"AAGCCGCTCGTGGACC-4-3","doublet"
"AAGCCGCTCGTTGACA-4-3","singlet"
"AAGGAGCAGGAGTACC-4-3","singlet"
"AAGGAGCAGTCAATAG-4-3","singlet"
"AAGGAGCTCCACGTGG-4-3","singlet"
"AAGGCAGCATACGCTA-4-3","singlet"
"AAGGCAGGTCGATTGT-4-3","singlet"
"AAGGCAGGTTCATGGT-4-3","doublet"
"AAGGCAGTCCAAGTAC-4-3","singlet"
"AAGGTTCGTCTCTTTA-4-3","singlet"
"AAGGTTCTCCTGCAGG-4-3","singlet"
"AAGTCTGCAAGCTGTT-4-3","singlet"
"AAGTCTGCAGATGGGT-4-3","singlet"
"AAGTCTGCATGAAGTA-4-3","singlet"
"AAGTCTGGTAAATGTG-4-3","singlet"
"AAGTCTGGTACTTCTT-4-3","doublet"
"AAGTCTGGTCATACTG-4-3","doublet"
"AAGTCTGGTCTCTTTA-4-3","singlet"
"AAGTCTGGTCTGATCA-4-3","doublet"
"AATCCAGAGTGCCATT-4-3","singlet"
"AATCCAGTCCAAACAC-4-3","singlet"
"AATCCAGTCCCTAACC-4-3","singlet"
"AATCGGTTCGAGCCCA-4-3","singlet"
"ACACCAAAGGGCTCTC-4-3","singlet"
"ACACCCTAGACTCGGA-4-3","singlet"
"ACACCCTCAGGCTGAA-4-3","doublet"
"ACACCCTGTCTACCTC-4-3","doublet"
"ACACCGGAGCGATTCT-4-3","singlet"
"ACACCGGTCTGCGTAA-4-3","negative"
"ACACTGAAGAGTCTGG-4-3","negative"
"ACACTGAAGGTAGCTG-4-3","singlet"
"ACACTGACATGCCTTC-4-3","singlet"
"ACACTGAGTACCGAGA-4-3","singlet"
"ACAGCCGAGCTAAACA-4-3","singlet"
"ACAGCCGAGTGGGCTA-4-3","singlet"
"ACAGCCGCAAGCGTAG-4-3","singlet"
"ACAGCCGCAGCTCCGA-4-3","singlet"
"ACAGCTACATATGAGA-4-3","singlet"
"ACAGCTAGTACATCCA-4-3","doublet"
"ACAGCTAGTACTTGAC-4-3","singlet"
"ACAGCTATCTCACATT-4-3","singlet"
"ACATACGAGTAATCCC-4-3","singlet"
"ACATACGCATTACCTT-4-3","singlet"
"ACATACGGTAGGCTGA-4-3","doublet"
"ACATACGGTGACTACT-4-3","singlet"
"ACATACGGTGCACTTA-4-3","singlet"
"ACATCAGAGCTCCCAG-4-3","singlet"
"ACATCAGCAATGGAGC-4-3","singlet"
"ACATCAGCAATGGATA-4-3","doublet"
"ACATCAGCAGCGTAAG-4-3","singlet"
"ACATCAGCATGACATC-4-3","singlet"
"ACATCAGGTTAAAGAC-4-3","singlet"
"ACATCAGTCATAAAGG-4-3","singlet"
"ACATCAGTCCGCTGTT-4-3","singlet"
"ACATCAGTCTATCCCG-4-3","negative"
"ACATGGTAGATCCCGC-4-3","singlet"
"ACATGGTAGGAGTTTA-4-3","singlet"
"ACATGGTGTCATATCG-4-3","doublet"
"ACCAGTACAGACACTT-4-3","singlet"
"ACCAGTAGTTATCACG-4-3","singlet"
"ACCAGTATCCTTTCTC-4-3","singlet"
"ACCCACTCACACGCTG-4-3","singlet"
"ACCCACTGTGTGACCC-4-3","singlet"
"ACCCACTTCAACTCTT-4-3","singlet"
"ACCCACTTCTCCCTGA-4-3","singlet"
"ACCCACTTCTCGCTTG-4-3","singlet"
"ACCGTAAAGTACGATA-4-3","singlet"
"ACCGTAACACAAGTAA-4-3","singlet"
"ACCGTAAGTCCTCTTG-4-3","singlet"
"ACCGTAAGTGACTCAT-4-3","singlet"
"ACCGTAATCAGCATGT-4-3","doublet"
"ACCGTAATCCCAACGG-4-3","singlet"
"ACCTTTAAGTGAAGTT-4-3","doublet"
"ACCTTTACAATAAGCA-4-3","singlet"
"ACCTTTAGTCGGCTCA-4-3","singlet"
"ACCTTTAGTGTCCTCT-4-3","singlet"
"ACCTTTAGTTGGTGGA-4-3","singlet"
"ACCTTTAGTTTAAGCC-4-3","doublet"
"ACCTTTATCATACGGT-4-3","singlet"
"ACGAGCCAGGCTCAGA-4-3","doublet"
"ACGAGCCGTCGTTGTA-4-3","singlet"
"ACGAGCCGTTCAGTAC-4-3","doublet"
"ACGAGCCTCGCCGTGA-4-3","singlet"
"ACGAGGACAGTCAGCC-4-3","singlet"
"ACGAGGAGTCCATGAT-4-3","singlet"
"ACGATACAGAAGATTC-4-3","singlet"
"ACGATACAGCGTGAGT-4-3","singlet"
"ACGATACGTAAATGTG-4-3","singlet"
"ACGATACGTCGCGGTT-4-3","singlet"
"ACGATACTCATCTGTT-4-3","doublet"
"ACGATGTCAAACCCAT-4-3","singlet"
"ACGATGTCACGGTGTC-4-3","singlet"
"ACGATGTCAGCATACT-4-3","negative"
"ACGATGTCATCGGGTC-4-3","singlet"
"ACGATGTGTACCGTAT-4-3","singlet"
"ACGATGTGTCGCTTTC-4-3","doublet"
"ACGCAGCAGGCATGGT-4-3","doublet"
"ACGCAGCCACACTGCG-4-3","doublet"
"ACGCAGCCACAGCGTC-4-3","singlet"
"ACGCAGCGTAGTACCT-4-3","doublet"
"ACGCAGCGTCTCTCGT-4-3","singlet"
"ACGCAGCGTGGGTATG-4-3","negative"
"ACGCAGCTCCGATATG-4-3","doublet"
"ACGCCAGCAACCGCCA-4-3","singlet"
"ACGCCAGCATTACGAC-4-3","singlet"
"ACGCCGAGTCGCTTTC-4-3","singlet"
"ACGCCGATCAGTCAGT-4-3","singlet"
"ACGCCGATCTCTGAGA-4-3","singlet"
"ACGGAGAAGGTGATTA-4-3","doublet"
"ACGGAGACACTTAACG-4-3","singlet"
"ACGGAGACATGCAATC-4-3","singlet"
"ACGGAGAGTCAATGTC-4-3","doublet"
"ACGGAGAGTCTAGAGG-4-3","singlet"
"ACGGAGAGTTATCGGT-4-3","singlet"
"ACGGAGATCTGTTGAG-4-3","doublet"
"ACGGCCAAGTGACATA-4-3","singlet"
"ACGGCCACAAGCGCTC-4-3","singlet"
"ACGGCCACATCTCGCT-4-3","doublet"
"ACGGGCTAGTCCGGTC-4-3","negative"
"ACGGGCTCAAGCGAGT-4-3","singlet"
"ACGGGTCCAAAGTCAA-4-3","doublet"
"ACGTCAACACCTTGTC-4-3","doublet"
"ACGTCAAGTAATCGTC-4-3","doublet"
"ACGTCAAGTTCCACAA-4-3","doublet"
"ACGTCAATCCGCATCT-4-3","doublet"
"ACGTCAATCTGATACG-4-3","singlet"
"ACTATCTAGACCGGAT-4-3","singlet"
"ACTATCTCAAGTACCT-4-3","singlet"
"ACTATCTCACACATGT-4-3","singlet"
"ACTATCTCAGACAAAT-4-3","doublet"
"ACTATCTGTACCGAGA-4-3","doublet"
"ACTATCTGTTCCAACA-4-3","doublet"
"ACTGAACCACAACGCC-4-3","singlet"
"ACTGAACCACCCATTC-4-3","singlet"
"ACTGAACCATTATCTC-4-3","singlet"
"ACTGAACGTGTGACGA-4-3","doublet"
"ACTGAACTCTCAACTT-4-3","singlet"
"ACTGAACTCTTGTATC-4-3","singlet"
"ACTGAGTAGTGATCGG-4-3","singlet"
"ACTGAGTCATGGAATA-4-3","doublet"
"ACTGAGTGTATTACCG-4-3","singlet"
"ACTGAGTGTGCAACGA-4-3","negative"
"ACTGAGTGTTCAGGCC-4-3","singlet"
"ACTGAGTTCAGAGCTT-4-3","doublet"
"ACTGATGAGCGTGAGT-4-3","singlet"
"ACTGATGCAGGTGGAT-4-3","singlet"
"ACTGATGCATAGACTC-4-3","doublet"
"ACTGATGGTAATCACC-4-3","singlet"
"ACTGATGTCAGAGGTG-4-3","singlet"
"ACTGCTCAGACGACGT-4-3","singlet"
"ACTGCTCAGTTACGGG-4-3","singlet"
"ACTGCTCCAAACTGTC-4-3","singlet"
"ACTGCTCTCAGGATCT-4-3","singlet"
"ACTGCTCTCTGCTTGC-4-3","singlet"
"ACTGTCCCACATTTCT-4-3","singlet"
"ACTGTCCCACTACAGT-4-3","singlet"
"ACTGTCCCATGGTTGT-4-3","singlet"
"ACTGTCCGTGCTCTTC-4-3","doublet"
"ACTGTCCGTGGCGAAT-4-3","singlet"
"ACTGTCCTCAAGATCC-4-3","singlet"
"ACTTACTAGCGATGAC-4-3","doublet"
"ACTTACTCATTCGACA-4-3","singlet"
"ACTTGTTAGCGATGAC-4-3","doublet"
"ACTTGTTCAGCAGTTT-4-3","singlet"
"ACTTGTTCAGCCAGAA-4-3","doublet"
"ACTTGTTCATTTCACT-4-3","singlet"
"ACTTGTTGTACGCACC-4-3","singlet"
"ACTTTCAGTAAAGGAG-4-3","singlet"
"ACTTTCAGTAACGACG-4-3","doublet"
"ACTTTCATCACTTATC-4-3","singlet"
"AGAATAGAGCCAGAAC-4-3","singlet"
"AGAATAGCACGAAATA-4-3","singlet"
"AGAATAGCACGCGAAA-4-3","singlet"
"AGAATAGCAGATGGGT-4-3","doublet"
"AGAATAGCATCCAACA-4-3","doublet"
"AGAATAGGTATAAACG-4-3","singlet"
"AGAATAGGTCACAAGG-4-3","singlet"
"AGAATAGGTCAGAGGT-4-3","singlet"
"AGAATAGGTCGGCATC-4-3","singlet"
"AGAATAGTCACAACGT-4-3","doublet"
"AGACGTTAGGAATCGC-4-3","doublet"
"AGACGTTGTACCGAGA-4-3","negative"
"AGACGTTGTATCGCAT-4-3","singlet"
"AGACGTTGTGCAGTAG-4-3","doublet"
"AGACGTTTCGGAAACG-4-3","singlet"
"AGAGCGAAGAAGATTC-4-3","doublet"
"AGAGCGAAGTCGCCGT-4-3","singlet"
"AGAGCGAGTTATGTGC-4-3","singlet"
"AGAGCGATCAGAGGTG-4-3","singlet"
"AGAGCGATCCGCATCT-4-3","singlet"
"AGAGCTTAGCTGCAAG-4-3","singlet"
"AGAGCTTCAATAACGA-4-3","singlet"
"AGAGTGGGTTTGTTGG-4-3","singlet"
"AGATCTGAGATACACA-4-3","singlet"
"AGATCTGCAGGGTTAG-4-3","singlet"
"AGATCTGTCATCACCC-4-3","negative"
"AGATCTGTCCCTTGTG-4-3","singlet"
"AGATTGCAGAGCCTAG-4-3","singlet"
"AGATTGCAGCGAAGGG-4-3","singlet"
"AGATTGCAGTATTGGA-4-3","singlet"
"AGATTGCAGTGCCAGA-4-3","singlet"
"AGATTGCCATTACCTT-4-3","singlet"
"AGATTGCGTGTGGCTC-4-3","singlet"
"AGATTGCTCGAATCCA-4-3","singlet"
"AGATTGCTCGACAGCC-4-3","singlet"
"AGATTGCTCGAGAGCA-4-3","doublet"
"AGATTGCTCTCCAACC-4-3","doublet"
"AGATTGCTCTTCGGTC-4-3","doublet"
"AGCATACCATCGGGTC-4-3","doublet"
"AGCATACTCATCACCC-4-3","singlet"
"AGCCTAAAGAGGTACC-4-3","doublet"
"AGCCTAACAGTCAGCC-4-3","doublet"
"AGCGGTCCAGGGCATA-4-3","doublet"
"AGCGTATAGCCACTAT-4-3","singlet"
"AGCGTATCAAAGCAAT-4-3","doublet"
"AGCGTCGAGCCGGTAA-4-3","doublet"
"AGCGTCGCAGCCACCA-4-3","singlet"
"AGCGTCGGTGGACGAT-4-3","singlet"
"AGCTCCTAGGGTGTTG-4-3","singlet"
"AGCTCCTTCAGCTGGC-4-3","singlet"
"AGCTCTCAGGCGACAT-4-3","singlet"
"AGCTCTCAGGTACTCT-4-3","doublet"
"AGCTCTCCACCCAGTG-4-3","singlet"
"AGCTCTCCACGCCAGT-4-3","singlet"
"AGCTCTCGTCAGAAGC-4-3","singlet"
"AGCTCTCGTCTCAACA-4-3","singlet"
"AGCTCTCGTGCGAAAC-4-3","singlet"
"AGCTCTCTCGTGGTCG-4-3","singlet"
"AGCTCTCTCTGGTATG-4-3","singlet"
"AGCTTGAAGCACCGTC-4-3","doublet"
"AGCTTGAAGCGTGTCC-4-3","singlet"
"AGCTTGATCCCTAATT-4-3","singlet"
"AGGCCACAGACCTAGG-4-3","singlet"
"AGGCCACGTTCGGGCT-4-3","doublet"
"AGGCCACGTTCTGGTA-4-3","singlet"
"AGGCCGTAGACTAAGT-4-3","singlet"
"AGGCCGTCATGGGAAC-4-3","singlet"
"AGGCCGTTCTGTCAAG-4-3","singlet"
"AGGGAGTAGGCGTACA-4-3","singlet"
"AGGGAGTAGTATCGAA-4-3","singlet"
"AGGGAGTAGTGAACGC-4-3","singlet"
"AGGGAGTCAGTCGTGC-4-3","singlet"
"AGGGAGTGTTACGTCA-4-3","singlet"
"AGGGAGTGTTTGTTGG-4-3","singlet"
"AGGGATGAGAATAGGG-4-3","singlet"
"AGGGATGAGCCACGCT-4-3","singlet"
"AGGGATGAGCCCAGCT-4-3","singlet"
"AGGGATGCATGGATGG-4-3","doublet"
"AGGGATGGTGATGTCT-4-3","singlet"
"AGGGATGTCCGATATG-4-3","singlet"
"AGGGTGAAGACTAGGC-4-3","singlet"
"AGGGTGAGTCAATGTC-4-3","singlet"
"AGGGTGATCTCTGAGA-4-3","singlet"
"AGGTCATAGAAGGACA-4-3","doublet"
"AGGTCATGTTCCGGCA-4-3","singlet"
"AGGTCCGAGGCTCTTA-4-3","doublet"
"AGGTCCGCACGTTGGC-4-3","singlet"
"AGGTCCGGTCCAACTA-4-3","doublet"
"AGGTCCGTCAGAGCTT-4-3","doublet"
"AGGTCCGTCCAAAGTC-4-3","singlet"
"AGTAGTCAGGAGTCTG-4-3","negative"
"AGTAGTCAGTGGAGTC-4-3","singlet"
"AGTAGTCAGTTAGGTA-4-3","singlet"
"AGTAGTCCACAGGCCT-4-3","singlet"
"AGTAGTCGTAGGCATG-4-3","singlet"
"AGTAGTCTCCGATATG-4-3","doublet"
"AGTCTTTTCACCCTCA-4-3","singlet"
"AGTCTTTTCTTCATGT-4-3","singlet"
"AGTGAGGAGCTGTTCA-4-3","singlet"
"AGTGAGGCAGTCAGCC-4-3","doublet"
"AGTGAGGTCATCGGAT-4-3","doublet"
"AGTGGGAAGATGCCTT-4-3","doublet"
"AGTGGGACATGACATC-4-3","singlet"
"AGTGGGAGTCAAAGAT-4-3","singlet"
"AGTGGGAGTCCATGAT-4-3","singlet"
"AGTGGGAGTGCCTGGT-4-3","singlet"
"AGTGGGAGTGGTAACG-4-3","singlet"
"AGTGTCACAAGGTGTG-4-3","singlet"
"AGTGTCATCCCTCTTT-4-3","negative"
"AGTGTCATCGTCGTTC-4-3","singlet"
"AGTTGGTAGCATCATC-4-3","singlet"
"AGTTGGTAGCGCCTTG-4-3","doublet"
"AGTTGGTAGTCAAGCG-4-3","doublet"
"AGTTGGTCAATGGATA-4-3","singlet"
"AGTTGGTGTAGAGCTG-4-3","singlet"
"AGTTGGTGTTGATTGC-4-3","doublet"
"AGTTGGTTCTGGCGAC-4-3","singlet"
"ATAACGCAGGACCACA-4-3","singlet"
"ATAACGCAGTGACTCT-4-3","doublet"
"ATAAGAGAGTACGATA-4-3","singlet"
"ATAAGAGAGTGGTAAT-4-3","singlet"
"ATAAGAGGTTCGCGAC-4-3","doublet"
"ATAAGAGGTTTGCATG-4-3","singlet"
"ATAGACCCACACTGCG-4-3","doublet"
"ATAGACCTCGTACGGC-4-3","singlet"
"ATCACGAAGAAGGTTT-4-3","doublet"
"ATCACGAAGATCGGGT-4-3","singlet"
"ATCACGACAAATTGCC-4-3","singlet"
"ATCATCTGTGTAACGG-4-3","singlet"
"ATCATCTTCAGCTGGC-4-3","doublet"
"ATCATCTTCGTCTGAA-4-3","singlet"
"ATCATGGAGTGGAGTC-4-3","doublet"
"ATCATGGCACAACTGT-4-3","singlet"
"ATCATGGGTCGATTGT-4-3","singlet"
"ATCATGGGTGTTTGTG-4-3","singlet"
"ATCATGGTCCGAGCCA-4-3","negative"
"ATCCACCCACCAGTTA-4-3","singlet"
"ATCCACCCAGGTGGAT-4-3","singlet"
"ATCCACCCAGTATAAG-4-3","singlet"
"ATCCACCCATTCCTGC-4-3","singlet"
"ATCCACCTCATCATTC-4-3","singlet"
"ATCCGAAAGAACAATC-4-3","singlet"
"ATCCGAAAGAACTCGG-4-3","singlet"
"ATCCGAAAGAAGAAGC-4-3","singlet"
"ATCCGAACAGTTCCCT-4-3","singlet"
"ATCCGAACATGCCCGA-4-3","singlet"
"ATCCGAAGTCCATCCT-4-3","singlet"
"ATCCGAATCAACACTG-4-3","doublet"
"ATCCGAATCCGAACGC-4-3","singlet"
"ATCGAGTAGACGCACA-4-3","singlet"
"ATCGAGTAGTGGAGTC-4-3","doublet"
"ATCGAGTCATATGCTG-4-3","singlet"
"ATCGAGTGTGTCAATC-4-3","singlet"
"ATCTACTAGTGAATTG-4-3","singlet"
"ATCTACTAGTTGAGTA-4-3","singlet"
"ATCTACTCAGACGCCT-4-3","singlet"
"ATCTACTGTTCCGTCT-4-3","singlet"
"ATCTACTTCGTCTGCT-4-3","singlet"
"ATCTACTTCTGCCCTA-4-3","singlet"
"ATCTGCCGTCCGTGAC-4-3","singlet"
"ATCTGCCGTCTAGTGT-4-3","singlet"
"ATCTGCCGTGGCCCTA-4-3","singlet"
"ATCTGCCTCACATAGC-4-3","singlet"
"ATCTGCCTCCCAAGTA-4-3","doublet"
"ATCTGCCTCCCTCAGT-4-3","singlet"
"ATCTGCCTCCCTTGCA-4-3","singlet"
"ATCTGCCTCCGCGCAA-4-3","singlet"
"ATCTGCCTCGACAGCC-4-3","singlet"
"ATCTGCCTCGCAAGCC-4-3","doublet"
"ATCTGCCTCGCGTAGC-4-3","singlet"
"ATCTGCCTCTAACTGG-4-3","singlet"
"ATGAGGGAGAGCCTAG-4-3","negative"
"ATGAGGGCATACTCTT-4-3","singlet"
"ATGAGGGTCTATCCCG-4-3","singlet"
"ATGCGATAGACACGAC-4-3","singlet"
"ATGCGATTCAAACAAG-4-3","singlet"
"ATGCGATTCAAGAAGT-4-3","doublet"
"ATGCGATTCACTGGGC-4-3","singlet"
"ATGCGATTCATGTAGC-4-3","doublet"
"ATGCGATTCTGTTTGT-4-3","singlet"
"ATGGGAGAGCCGCCTA-4-3","singlet"
"ATGGGAGAGTACACCT-4-3","singlet"
"ATGTGTGAGGATGTAT-4-3","singlet"
"ATGTGTGAGGCAAAGA-4-3","singlet"
"ATGTGTGGTAGCGTGA-4-3","singlet"
"ATGTGTGGTGAGGGAG-4-3","singlet"
"ATTACTCAGTCTCCTC-4-3","doublet"
"ATTACTCCAGGGATTG-4-3","singlet"
"ATTATCCGTACCGCTG-4-3","singlet"
"ATTATCCGTCGCGTGT-4-3","doublet"
"ATTATCCGTCTACCTC-4-3","singlet"
"ATTATCCGTGCGAAAC-4-3","singlet"
"ATTCTACCACAGGCCT-4-3","singlet"
"ATTCTACGTGACTCAT-4-3","singlet"
"ATTCTACGTGCTCTTC-4-3","singlet"
"ATTGGACAGAGGGATA-4-3","singlet"
"ATTGGACAGCCGATTT-4-3","singlet"
"ATTGGACGTACGCACC-4-3","singlet"
"ATTGGACGTAGGACAC-4-3","doublet"
"ATTGGACGTTCCTCCA-4-3","singlet"
"ATTGGACTCTACGAGT-4-3","singlet"
"ATTGGACTCTTCATGT-4-3","singlet"
"ATTGGTGAGAGCAATT-4-3","doublet"
"ATTGGTGAGGAGTAGA-4-3","doublet"
"ATTTCTGAGCTAGCCC-4-3","negative"
"ATTTCTGGTAGCGTGA-4-3","doublet"
"ATTTCTGGTTAAGTAG-4-3","singlet"
"CAACCAACATTCGACA-4-3","singlet"
"CAACCAAGTTCCACGG-4-3","singlet"
"CAACCTCAGCGTTTAC-4-3","doublet"
"CAACCTCTCATCGCTC-4-3","singlet"
"CAACCTCTCCACGTTC-4-3","doublet"
"CAACTAGCAGACGCAA-4-3","negative"
"CAACTAGTCGAATGCT-4-3","doublet"
"CAACTAGTCGCCTGAG-4-3","singlet"
"CAAGAAACACCAGGTC-4-3","singlet"
"CAAGAAACACGCTTTC-4-3","doublet"
"CAAGAAAGTCCGTGAC-4-3","singlet"
"CAAGATCCACGGCTAC-4-3","singlet"
"CAAGATCCAGCTCGCA-4-3","doublet"
"CAAGATCCATATACGC-4-3","singlet"
"CAAGATCGTAGCGTCC-4-3","singlet"
"CAAGGCCCAGGAACGT-4-3","doublet"
"CAAGGCCTCATCGCTC-4-3","doublet"
"CAAGTTGAGGCATTGG-4-3","singlet"
"CAAGTTGCAGCCAATT-4-3","doublet"
"CAAGTTGGTTTCGCTC-4-3","doublet"
"CAAGTTGTCTCTAAGG-4-3","doublet"
"CACAAACAGACAAAGG-4-3","singlet"
"CACAAACAGATGCCAG-4-3","singlet"
"CACAAACCAACTGGCC-4-3","doublet"
"CACAAACGTCTTTCAT-4-3","singlet"
"CACAAACGTGCAGTAG-4-3","singlet"
"CACAAACGTTCTGAAC-4-3","singlet"
"CACACAAAGTGGGATC-4-3","singlet"
"CACACAAGTAGGCATG-4-3","singlet"
"CACACAATCACGCATA-4-3","doublet"
"CACACAATCAGTCCCT-4-3","singlet"
"CACACCTAGAAACCTA-4-3","doublet"
"CACACCTAGCTACCGC-4-3","doublet"
"CACACCTCACGAAATA-4-3","singlet"
"CACACCTCACGCCAGT-4-3","doublet"
"CACACCTGTTAAAGAC-4-3","singlet"
"CACACCTTCTAACTTC-4-3","negative"
"CACACCTTCTGAAAGA-4-3","doublet"
"CACACTCAGCGATATA-4-3","doublet"
"CACACTCCAAGCCGCT-4-3","doublet"
"CACACTCCACCGAATT-4-3","doublet"
"CACACTCGTACCGAGA-4-3","singlet"
"CACACTCGTTCAACCA-4-3","singlet"
"CACACTCTCAGCGATT-4-3","doublet"
"CACACTCTCTCGCATC-4-3","singlet"
"CACAGGCAGACCGGAT-4-3","doublet"
"CACAGGCAGTGGCACA-4-3","singlet"
"CACAGGCCAGCTCGCA-4-3","singlet"
"CACAGGCGTGACGGTA-4-3","singlet"
"CACAGGCGTGGACGAT-4-3","singlet"
"CACAGTAAGGAGTTGC-4-3","singlet"
"CACAGTAGTCCGCTGA-4-3","doublet"
"CACAGTATCCACGAAT-4-3","singlet"
"CACATAGAGTGCCATT-4-3","singlet"
"CACATAGGTGACTACT-4-3","singlet"
"CACATAGGTGGCGAAT-4-3","singlet"
"CACATTTAGTACGCGA-4-3","singlet"
"CACATTTCACGCCAGT-4-3","singlet"
"CACATTTGTCGAGTTT-4-3","singlet"
"CACATTTGTCTTCGTC-4-3","singlet"
"CACATTTTCATTCACT-4-3","singlet"
"CACCACTAGAAACGCC-4-3","singlet"
"CACCACTAGGTCGGAT-4-3","singlet"
"CACCACTCATCACGAT-4-3","singlet"
"CACCACTGTGCCTGGT-4-3","doublet"
"CACCACTTCGTAGGTT-4-3","singlet"
"CACCAGGCACGAGGTA-4-3","singlet"
"CACCAGGCACTGTGTA-4-3","doublet"
"CACCAGGGTGCGGTAA-4-3","singlet"
"CACCAGGGTTCCACGG-4-3","doublet"
"CACCAGGTCAACACAC-4-3","singlet"
"CACCTTGCAAACTGCT-4-3","singlet"
"CACCTTGGTCTGGAGA-4-3","singlet"
"CACCTTGTCCACGCAG-4-3","singlet"
"CACCTTGTCGACCAGC-4-3","doublet"
"CACTCCACAGGCTGAA-4-3","singlet"
"CACTCCAGTATTCGTG-4-3","singlet"
"CAGAATCAGTGACTCT-4-3","singlet"
"CAGAATCGTAACGCGA-4-3","doublet"
"CAGAGAGAGGCTAGCA-4-3","singlet"
"CAGAGAGCAACGCACC-4-3","singlet"
"CAGAGAGCAGTGGGAT-4-3","doublet"
"CAGAGAGTCATCGATG-4-3","negative"
"CAGATCAAGGTAAACT-4-3","doublet"
"CAGATCACAGACACTT-4-3","singlet"
"CAGATCAGTTAAGACA-4-3","doublet"
"CAGATCATCCTATGTT-4-3","singlet"
"CAGCAGCGTGAAATCA-4-3","doublet"
"CAGCAGCTCAACACTG-4-3","singlet"
"CAGCAGCTCCACTCCA-4-3","singlet"
"CAGCATAAGTCCTCCT-4-3","doublet"
"CAGCATACAGGTTTCA-4-3","singlet"
"CAGCATAGTCAACATC-4-3","singlet"
"CAGCATAGTGAGGCTA-4-3","singlet"
"CAGCATATCGGCTACG-4-3","singlet"
"CAGCCGAAGTGCTGCC-4-3","singlet"
"CAGCCGACAAACTGTC-4-3","singlet"
"CAGCCGACAGATCGGA-4-3","singlet"
"CAGCCGAGTTCAACCA-4-3","singlet"
"CAGCGACAGCACCGTC-4-3","singlet"
"CAGCGACCACGCTTTC-4-3","singlet"
"CAGCGACCAGTCAGAG-4-3","singlet"
"CAGCGACGTCCGAACC-4-3","doublet"
"CAGCGACGTCCGTCAG-4-3","singlet"
"CAGCGACGTCTCGTTC-4-3","doublet"
"CAGCTAAAGAGAGCTC-4-3","doublet"
"CAGCTAAAGGAATTAC-4-3","doublet"
"CAGCTAACAGATCCAT-4-3","singlet"
"CAGCTAATCGTCCGTT-4-3","singlet"
"CAGCTGGAGTGACATA-4-3","singlet"
"CAGCTGGAGTGGTAAT-4-3","singlet"
"CAGCTGGGTCACCCAG-4-3","singlet"
"CAGCTGGGTCACTTCC-4-3","singlet"
"CAGCTGGGTGTGGCTC-4-3","singlet"
"CAGCTGGTCGGCTTGG-4-3","doublet"
"CAGGTGCAGCTTCGCG-4-3","doublet"
"CAGTAACGTCATCCCT-4-3","singlet"
"CAGTAACTCTGTCAAG-4-3","singlet"
"CAGTCCTGTTAAGACA-4-3","doublet"
"CATATTCAGCAATCTC-4-3","singlet"
"CATATTCCACTCGACG-4-3","doublet"
"CATATTCTCTTTAGTC-4-3","singlet"
"CATCAAGAGCTTCGCG-4-3","singlet"
"CATCAAGGTGAAAGAG-4-3","singlet"
"CATCAAGTCCGCAGTG-4-3","doublet"
"CATCAGAAGCGCCTCA-4-3","negative"
"CATCAGACAAACGTGG-4-3","singlet"
"CATCAGACAGGACCCT-4-3","singlet"
"CATCAGAGTAGGCATG-4-3","doublet"
"CATCAGATCATACGGT-4-3","singlet"
"CATCAGATCCGAACGC-4-3","singlet"
"CATCCACAGGGTATCG-4-3","singlet"
"CATCCACCATGCGCAC-4-3","singlet"
"CATCCACGTTACGGAG-4-3","doublet"
"CATCGAACAAGGGTCA-4-3","singlet"
"CATCGGGCAGAGCCAA-4-3","negative"
"CATCGGGGTCTAAAGA-4-3","singlet"
"CATCGGGGTGAAGGCT-4-3","negative"
"CATCGGGTCAGAGCTT-4-3","singlet"
"CATGACAAGATAGCAT-4-3","singlet"
"CATGACACACCAGCAC-4-3","singlet"
"CATGACATCTATCCTA-4-3","singlet"
"CATGCCTAGTTCCACA-4-3","doublet"
"CATGCCTTCATAAAGG-4-3","singlet"
"CATGGCGAGCACGCCT-4-3","singlet"
"CATGGCGAGGCCCTTG-4-3","doublet"
"CATGGCGCATGCGCAC-4-3","singlet"
"CATGGCGGTCTGCCAG-4-3","negative"
"CATTATCAGATCGATA-4-3","singlet"
"CATTATCGTCCCTACT-4-3","negative"
"CATTATCTCCCGACTT-4-3","singlet"
"CATTCGCCATGAAGTA-4-3","singlet"
"CATTCGCTCATGTAGC-4-3","doublet"
"CATTCGCTCGAACGGA-4-3","singlet"
"CCAATCCCACACAGAG-4-3","singlet"
"CCAATCCCATCGATGT-4-3","negative"
"CCAATCCTCTTCCTTC-4-3","singlet"
"CCACCTACAAACCCAT-4-3","doublet"
"CCACCTACACGGCGTT-4-3","singlet"
"CCACCTACATGGTAGG-4-3","singlet"
"CCACCTAGTGCAGACA-4-3","singlet"
"CCACCTATCCCGACTT-4-3","doublet"
"CCACGGAGTTCATGGT-4-3","singlet"
"CCACTACAGAGATGAG-4-3","doublet"
"CCAGCGAAGGAGCGTT-4-3","singlet"
"CCAGCGATCCTTTCGG-4-3","negative"
"CCATTCGGTAAATGTG-4-3","singlet"
"CCATTCGGTGCACGAA-4-3","singlet"
"CCCAATCCATTACCTT-4-3","singlet"
"CCCAATCTCAAGCCTA-4-3","singlet"
"CCCAGTTCACAGTCGC-4-3","singlet"
"CCCAGTTGTGTTAAGA-4-3","singlet"
"CCCAGTTGTTTGTGTG-4-3","singlet"
"CCCAGTTTCCTCGCAT-4-3","singlet"
"CCCAGTTTCGTTACAG-4-3","singlet"
"CCCTCCTAGGGAAACA-4-3","singlet"
"CCCTCCTTCGTACGGC-4-3","singlet"
"CCCTCCTTCGTGGACC-4-3","singlet"
"CCCTCCTTCTATCCTA-4-3","negative"
"CCGGGATCAGACGCTC-4-3","doublet"
"CCGGGATGTCTAAACC-4-3","singlet"
"CCGGGATTCGTACGGC-4-3","singlet"
"CCGGTAGCAGCTCGCA-4-3","singlet"
"CCGGTAGTCAGCTCTC-4-3","singlet"
"CCGGTAGTCATTATCC-4-3","singlet"
"CCGGTAGTCTTCTGGC-4-3","singlet"
"CCGTACTCAGCCACCA-4-3","doublet"
"CCGTACTGTGGTGTAG-4-3","negative"
"CCGTGGAAGTTAAGTG-4-3","singlet"
"CCGTTCAAGATCGGGT-4-3","singlet"
"CCGTTCAAGTGAATTG-4-3","singlet"
"CCGTTCACATAGAAAC-4-3","doublet"
"CCGTTCAGTTACGCGC-4-3","singlet"
"CCTACACAGACAGAGA-4-3","singlet"
"CCTACACAGAGCTGCA-4-3","singlet"
"CCTACACGTCGTTGTA-4-3","singlet"
"CCTACACTCACGATGT-4-3","singlet"
"CCTACACTCAGTTAGC-4-3","singlet"
"CCTACCAAGAGGTAGA-4-3","singlet"
"CCTACCAGTCTAGCGC-4-3","doublet"
"CCTACCATCCTTTACA-4-3","singlet"
"CCTAGCTAGCCTCGTG-4-3","singlet"
"CCTAGCTAGCTGTCTA-4-3","singlet"
"CCTAGCTCAGCTCGCA-4-3","singlet"
"CCTAGCTGTACATCCA-4-3","doublet"
"CCTATTACAAGTCATC-4-3","singlet"
"CCTATTACACCGAAAG-4-3","doublet"
"CCTATTACACGAAATA-4-3","singlet"
"CCTATTACAGGCAGTA-4-3","doublet"
"CCTATTACATCTATGG-4-3","singlet"
"CCTATTATCCTTCAAT-4-3","doublet"
"CCTCAGTCAACACCTA-4-3","singlet"
"CCTCAGTCAAGTCTAC-4-3","doublet"
"CCTCAGTGTCCGAGTC-4-3","singlet"
"CCTCTGAAGCACGCCT-4-3","singlet"
"CCTCTGAAGGCCCTCA-4-3","singlet"
"CCTCTGACATGCCTAA-4-3","singlet"
"CCTCTGAGTTCGCTAA-4-3","doublet"
"CCTCTGATCCGATATG-4-3","singlet"
"CCTCTGATCTGCTGTC-4-3","singlet"
"CCTTACGAGAATCTCC-4-3","singlet"
"CCTTACGTCAGAGGTG-4-3","singlet"
"CCTTACGTCCTAGGGC-4-3","singlet"
"CCTTCCCAGCCGATTT-4-3","doublet"
"CCTTCCCCATGACGGA-4-3","singlet"
"CCTTCCCGTTACCAGT-4-3","singlet"
"CCTTCCCTCATGTAGC-4-3","singlet"
"CCTTCGAAGACTAGAT-4-3","singlet"
"CCTTCGAAGTGTACGG-4-3","negative"
"CCTTCGACAGCGTTCG-4-3","singlet"
"CCTTCGACATGCCTAA-4-3","singlet"
"CCTTCGACATTATCTC-4-3","singlet"
"CCTTCGAGTAATCACC-4-3","doublet"
"CCTTCGAGTCTCATCC-4-3","singlet"
"CCTTCGATCTATGTGG-4-3","singlet"
"CCTTTCTAGCACCGCT-4-3","singlet"
"CCTTTCTCAGTTTACG-4-3","doublet"
"CCTTTCTGTATTACCG-4-3","singlet"
"CCTTTCTTCTTGCATT-4-3","singlet"
"CGAACATGTATCAGTC-4-3","singlet"
"CGAACATTCGGCTTGG-4-3","doublet"
"CGAATGTAGACTGTAA-4-3","singlet"
"CGAATGTCACAGGCCT-4-3","doublet"
"CGAATGTTCTGAGTGT-4-3","doublet"
"CGACCTTAGGGCTTGA-4-3","singlet"
"CGACCTTCAAGCGATG-4-3","doublet"
"CGACCTTGTTTACTCT-4-3","singlet"
"CGACTTCAGATACACA-4-3","singlet"
"CGACTTCAGCGAAGGG-4-3","singlet"
"CGAGAAGCAATGAAAC-4-3","singlet"
"CGAGAAGCACCAGTTA-4-3","singlet"
"CGAGAAGCATACAGCT-4-3","singlet"
"CGAGAAGGTAGCACGA-4-3","singlet"
"CGAGAAGTCTACCTGC-4-3","doublet"
"CGAGCACCACCGTTGG-4-3","doublet"
"CGAGCACGTGATAAAC-4-3","singlet"
"CGAGCCAGTTGATTCG-4-3","singlet"
"CGATCGGCACTACAGT-4-3","singlet"
"CGATCGGGTTCTGAAC-4-3","doublet"
"CGATGGCAGACTAGGC-4-3","singlet"
"CGATGGCAGCAATCTC-4-3","singlet"
"CGATGGCAGGACAGAA-4-3","singlet"
"CGATGGCCACCCATGG-4-3","doublet"
"CGATGGCGTATATGGA-4-3","singlet"
"CGATGGCGTCAGAAGC-4-3","singlet"
"CGATGGCTCCCTGACT-4-3","singlet"
"CGATGGCTCGATCCCT-4-3","singlet"
"CGATGGCTCGTCGTTC-4-3","singlet"
"CGATGTAAGAGGTTAT-4-3","singlet"
"CGATGTAAGGAATGGA-4-3","singlet"
"CGATGTAAGGCCCTCA-4-3","singlet"
"CGATGTAAGTACGACG-4-3","singlet"
"CGATGTAGTGGGTATG-4-3","singlet"
"CGATGTATCCGCGGTA-4-3","singlet"
"CGATTGAAGTGAACAT-4-3","doublet"
"CGATTGACAGAGCCAA-4-3","negative"
"CGATTGACAGCCTTTC-4-3","singlet"
"CGATTGATCCTCAACC-4-3","doublet"
"CGCCAAGCATCGATTG-4-3","doublet"
"CGCCAAGGTTAGAACA-4-3","singlet"
"CGCCAAGTCATGCATG-4-3","singlet"
"CGCCAAGTCGGCATCG-4-3","doublet"
"CGCGGTAAGAAACGCC-4-3","doublet"
"CGCGGTAGTTACAGAA-4-3","singlet"
"CGCGTTTGTGCCTGTG-4-3","singlet"
"CGCGTTTTCAGGCAAG-4-3","singlet"
"CGCTATCCAGCGATCC-4-3","singlet"
"CGCTATCGTAGAGTGC-4-3","singlet"
"CGCTATCTCCTTTCGG-4-3","singlet"
"CGCTATCTCGTGTAGT-4-3","singlet"
"CGCTGGAAGGTTACCT-4-3","singlet"
"CGCTGGAAGTAGTGCG-4-3","singlet"
"CGCTGGACAAAGTCAA-4-3","singlet"
"CGCTGGACACGTAAGG-4-3","singlet"
"CGCTGGAGTACCGAGA-4-3","singlet"
"CGCTGGAGTTGGGACA-4-3","doublet"
"CGCTGGATCTGCAAGT-4-3","singlet"
"CGCTTCAAGGAATTAC-4-3","doublet"
"CGCTTCACAAGAAAGG-4-3","singlet"
"CGCTTCACACCGATAT-4-3","singlet"
"CGCTTCACATATGGTC-4-3","singlet"
"CGCTTCAGTACAGCAG-4-3","singlet"
"CGCTTCATCAGCGACC-4-3","negative"
"CGCTTCATCGGCATCG-4-3","singlet"
"CGGACACAGGCATGTG-4-3","doublet"
"CGGACACCAAGCGCTC-4-3","doublet"
"CGGACACCAAGCTGGA-4-3","negative"
"CGGACACGTCATCCCT-4-3","singlet"
"CGGACACGTGGTCTCG-4-3","negative"
"CGGACACTCCGTTGTC-4-3","negative"
"CGGACACTCGGTCTAA-4-3","singlet"
"CGGACGTGTCTACCTC-4-3","singlet"
"CGGACGTGTCTGCGGT-4-3","doublet"
"CGGACTGAGCTAGCCC-4-3","singlet"
"CGGACTGAGGCACATG-4-3","singlet"
"CGGACTGCATTACCTT-4-3","singlet"
"CGGACTGTCCGCAAGC-4-3","singlet"
"CGGAGCTAGGATGCGT-4-3","singlet"
"CGGAGCTCAATCCGAT-4-3","singlet"
"CGGAGCTCATCGGACC-4-3","singlet"
"CGGAGCTGTTAAGATG-4-3","singlet"
"CGGAGCTTCTTTACAC-4-3","doublet"
"CGGAGTCCACGCGAAA-4-3","singlet"
"CGGCTAGAGATCACGG-4-3","singlet"
"CGGCTAGAGCTAAACA-4-3","singlet"
"CGGCTAGAGTACGATA-4-3","singlet"
"CGGCTAGGTTGTCGCG-4-3","singlet"
"CGGGTCAAGCATGGCA-4-3","singlet"
"CGGGTCAAGCTCCTTC-4-3","doublet"
"CGGGTCACAGCTGCTG-4-3","doublet"
"CGGGTCATCCTGCTTG-4-3","singlet"
"CGGGTCATCTCCAGGG-4-3","doublet"
"CGGTTAAAGCCCAACC-4-3","doublet"
"CGGTTAACACGAAAGC-4-3","singlet"
"CGTAGCGCAGGGATTG-4-3","doublet"
"CGTAGCGCATCCAACA-4-3","singlet"
"CGTAGCGGTATCACCA-4-3","doublet"
"CGTAGCGGTCGCGTGT-4-3","singlet"
"CGTAGCGGTTGCCTCT-4-3","doublet"
"CGTAGCGTCTGTCTCG-4-3","singlet"
"CGTAGGCGTGACGGTA-4-3","singlet"
"CGTAGGCGTTGATTGC-4-3","singlet"
"CGTCACTAGCATGGCA-4-3","singlet"
"CGTCACTAGTAGGTGC-4-3","singlet"
"CGTCACTCATGCTGGC-4-3","doublet"
"CGTCACTGTCAGAAGC-4-3","singlet"
"CGTCACTTCACAACGT-4-3","doublet"
"CGTCAGGAGTGTGAAT-4-3","doublet"
"CGTCAGGCAGGATCGA-4-3","doublet"
"CGTCAGGCATGATCCA-4-3","singlet"
"CGTCAGGTCAGGATCT-4-3","singlet"
"CGTCCATAGAGTCGGT-4-3","singlet"
"CGTCCATAGTACGCGA-4-3","singlet"
"CGTCCATAGTTAGGTA-4-3","singlet"
"CGTCCATCAAGCCGCT-4-3","singlet"
"CGTCCATCACGTGAGA-4-3","doublet"
"CGTCCATGTGCGGTAA-4-3","doublet"
"CGTCTACAGATCCTGT-4-3","doublet"
"CGTCTACAGCTAGGCA-4-3","singlet"
"CGTCTACAGTCAAGGC-4-3","doublet"
"CGTCTACAGTGGAGAA-4-3","singlet"
"CGTCTACCATGAACCT-4-3","singlet"
"CGTCTACGTGCTGTAT-4-3","singlet"
"CGTCTACGTTCGGGCT-4-3","doublet"
"CGTCTACTCCGCGCAA-4-3","singlet"
"CGTCTACTCCTCATTA-4-3","doublet"
"CGTGAGCCACATAACC-4-3","doublet"
"CGTGAGCGTCTCGTTC-4-3","singlet"
"CGTGAGCGTGATAAGT-4-3","doublet"
"CGTGAGCTCGGTCCGA-4-3","singlet"
"CGTGTAAAGATGTAAC-4-3","singlet"
"CGTGTAAAGTGCCAGA-4-3","singlet"
"CGTGTAACAGGCGATA-4-3","singlet"
"CGTGTAAGTCTCCACT-4-3","singlet"
"CGTGTAAGTGCACGAA-4-3","singlet"
"CGTGTCTAGAAACGCC-4-3","doublet"
"CGTGTCTGTTACGTCA-4-3","singlet"
"CGTGTCTTCTCGATGA-4-3","singlet"
"CGTGTCTTCTTACCTA-4-3","singlet"
"CGTTAGAAGCTCCTTC-4-3","singlet"
"CGTTAGATCATAAAGG-4-3","singlet"
"CGTTAGATCGGAGGTA-4-3","singlet"
"CGTTCTGCATTGGGCC-4-3","singlet"
"CGTTCTGGTTAGATGA-4-3","singlet"
"CGTTCTGGTTAGTGGG-4-3","singlet"
"CGTTCTGGTTGCTCCT-4-3","singlet"
"CGTTCTGTCCGCAAGC-4-3","singlet"
"CGTTCTGTCTGCGGCA-4-3","singlet"
"CGTTGGGAGCCGCCTA-4-3","singlet"
"CGTTGGGGTATTACCG-4-3","singlet"
"CGTTGGGGTCGCATCG-4-3","singlet"
"CTAACTTCAATACGCT-4-3","singlet"
"CTAACTTCACCACGTG-4-3","singlet"
"CTAACTTCACCGAATT-4-3","doublet"
"CTAACTTCAGCTGTTA-4-3","singlet"
"CTAACTTGTGCATCTA-4-3","singlet"
"CTAACTTGTTAGAACA-4-3","singlet"
"CTAAGACCACTCGACG-4-3","singlet"
"CTAAGACCAGCCACCA-4-3","singlet"
"CTAATGGAGTCTCGGC-4-3","singlet"
"CTAATGGCACCAGATT-4-3","singlet"
"CTAATGGCAGTCAGAG-4-3","singlet"
"CTAATGGCATCCTTGC-4-3","singlet"
"CTACACCCAATAAGCA-4-3","singlet"
"CTACACCGTGTGCGTC-4-3","singlet"
"CTACACCGTTCACGGC-4-3","singlet"
"CTACATTAGTCATGCT-4-3","singlet"
"CTACATTAGTGTCCAT-4-3","singlet"
"CTACATTGTCTTCTCG-4-3","doublet"
"CTACATTTCATATCGG-4-3","singlet"
"CTACCCAAGGGAGTAA-4-3","doublet"
"CTACCCAAGTCAAGGC-4-3","singlet"
"CTACCCACACACGCTG-4-3","doublet"
"CTACCCAGTATTACCG-4-3","negative"
"CTACCCAGTCGACTGC-4-3","singlet"
"CTACGTCAGGCGATAC-4-3","doublet"
"CTACGTCCACCACGTG-4-3","singlet"
"CTACGTCTCAAACAAG-4-3","singlet"
"CTACGTCTCATACGGT-4-3","singlet"
"CTAGAGTAGTGAATTG-4-3","singlet"
"CTAGAGTCAAGCCCAC-4-3","singlet"
"CTAGCCTCAGTGGGAT-4-3","doublet"
"CTAGCCTCATTCCTCG-4-3","singlet"
"CTAGTGAAGCGAGAAA-4-3","singlet"
"CTAGTGAGTAGCCTAT-4-3","doublet"
"CTAGTGAGTCATCCCT-4-3","doublet"
"CTAGTGAGTTACTGAC-4-3","doublet"
"CTCACACAGGTGGGTT-4-3","singlet"
"CTCACACGTAGCGTCC-4-3","doublet"
"CTCACACGTGAGTGAC-4-3","doublet"
"CTCACACGTTGTGGCC-4-3","singlet"
"CTCACACTCGAATCCA-4-3","singlet"
"CTCACACTCTTGTTTG-4-3","singlet"
"CTCAGAAAGATAGTCA-4-3","singlet"
"CTCAGAAAGGCATGGT-4-3","singlet"
"CTCAGAAAGGGCTCTC-4-3","singlet"
"CTCAGAACATTGGTAC-4-3","doublet"
"CTCAGAAGTATCGCAT-4-3","doublet"
"CTCAGAAGTGGCCCTA-4-3","singlet"
"CTCAGAATCAAAGTAG-4-3","singlet"
"CTCAGAATCTTAGCCC-4-3","doublet"
"CTCATTAGTAGCGTGA-4-3","singlet"
"CTCATTAGTGTGGCTC-4-3","singlet"
"CTCATTATCTCCCTGA-4-3","singlet"
"CTCATTATCTTTCCTC-4-3","singlet"
"CTCCTAGAGTCGTTTG-4-3","doublet"
"CTCCTAGCAAAGTGCG-4-3","singlet"
"CTCCTAGCAGTGAGTG-4-3","singlet"
"CTCCTAGTCCTGTAGA-4-3","singlet"
"CTCCTAGTCTCGAGTA-4-3","doublet"
"CTCCTAGTCTGAGTGT-4-3","singlet"
"CTCGAAACAAACCCAT-4-3","singlet"
"CTCGAAAGTCAAACTC-4-3","singlet"
"CTCGAAAGTCAGAAGC-4-3","singlet"
"CTCGAGGAGGACTGGT-4-3","negative"
"CTCGAGGAGTATGACA-4-3","singlet"
"CTCGAGGCAGCCTGTG-4-3","singlet"
"CTCGAGGGTACCGCTG-4-3","doublet"
"CTCGAGGTCTGGAGCC-4-3","singlet"
"CTCGGAGAGCATGGCA-4-3","doublet"
"CTCGGAGTCCAGGGCT-4-3","doublet"
"CTCGGAGTCGCCAGCA-4-3","doublet"
"CTCGGAGTCGGTCTAA-4-3","singlet"
"CTCGGAGTCGGTTAAC-4-3","singlet"
"CTCGGGAAGCAGCGTA-4-3","singlet"
"CTCGGGAGTTAAAGAC-4-3","singlet"
"CTCGGGAGTTCCACTC-4-3","singlet"
"CTCGGGATCAACCAAC-4-3","doublet"
"CTCGGGATCAGGCAAG-4-3","singlet"
"CTCGGGATCAGTACGT-4-3","doublet"
"CTCGTACCAATGAATG-4-3","doublet"
"CTCGTACGTAACGTTC-4-3","singlet"
"CTCGTACGTCTCAACA-4-3","singlet"
"CTCGTACTCAACACTG-4-3","singlet"
"CTCGTCACAAGCCATT-4-3","doublet"
"CTCGTCACATTCGACA-4-3","doublet"
"CTCGTCAGTACATGTC-4-3","singlet"
"CTCGTCAGTCGAACAG-4-3","singlet"
"CTCTAATAGGCACATG-4-3","singlet"
"CTCTAATTCACCGGGT-4-3","singlet"
"CTCTAATTCCTGTACC-4-3","singlet"
"CTCTAATTCTGCGACG-4-3","doublet"
"CTCTACGAGTTGTAGA-4-3","singlet"
"CTCTACGCAATGAATG-4-3","singlet"
"CTCTACGTCTCGATGA-4-3","singlet"
"CTCTGGTAGTCGTACT-4-3","singlet"
"CTCTGGTAGTGTTAGA-4-3","singlet"
"CTCTGGTCAGTAAGAT-4-3","singlet"
"CTCTGGTTCAGGTTCA-4-3","singlet"
"CTCTGGTTCATCTGCC-4-3","singlet"
"CTCTGGTTCCTGCAGG-4-3","singlet"
"CTCTGGTTCGAACTGT-4-3","negative"
"CTGAAACAGATATGCA-4-3","singlet"
"CTGAAACTCGCCCTTA-4-3","singlet"
"CTGAAACTCTGTACGA-4-3","singlet"
"CTGAAGTAGGGTTCCC-4-3","singlet"
"CTGAAGTAGTGGGTTG-4-3","singlet"
"CTGAAGTCATGATCCA-4-3","singlet"
"CTGAAGTGTGTGGTTT-4-3","doublet"
"CTGAAGTTCCACGAAT-4-3","singlet"
"CTGATAGAGACAGAGA-4-3","doublet"
"CTGATAGAGGTGGGTT-4-3","doublet"
"CTGATAGCAGAAGCAC-4-3","singlet"
"CTGATAGCATCGTCGG-4-3","singlet"
"CTGATCCAGCGCTCCA-4-3","singlet"
"CTGATCCCAACACCCG-4-3","doublet"
"CTGATCCGTACCGTTA-4-3","singlet"
"CTGATCCTCATTATCC-4-3","singlet"
"CTGCCTAAGTTTCCTT-4-3","singlet"
"CTGCCTACAGCATGAG-4-3","doublet"
"CTGCCTACATGTCCTC-4-3","singlet"
"CTGCCTAGTCTAGTGT-4-3","doublet"
"CTGCCTATCAACACAC-4-3","singlet"
"CTGCCTATCAATCTCT-4-3","singlet"
"CTGCCTATCATGCTCC-4-3","doublet"
"CTGCGGATCACGATGT-4-3","singlet"
"CTGCGGATCCCATTAT-4-3","negative"
"CTGCTGTAGGCATGGT-4-3","singlet"
"CTGCTGTAGTGGACGT-4-3","singlet"
"CTGCTGTCAAGCCTAT-4-3","singlet"
"CTGGTCTAGGGAACGG-4-3","singlet"
"CTGGTCTAGGTGCACA-4-3","singlet"
"CTGGTCTAGTGTCCCG-4-3","singlet"
"CTGGTCTGTAGCCTAT-4-3","singlet"
"CTGGTCTGTGCTGTAT-4-3","singlet"
"CTGGTCTGTTCGTGAT-4-3","singlet"
"CTGGTCTTCAGCACAT-4-3","singlet"
"CTGTGCTCAAGCGAGT-4-3","negative"
"CTGTGCTCATCTGGTA-4-3","singlet"
"CTGTGCTGTAAACCTC-4-3","singlet"
"CTGTGCTGTAAGGATT-4-3","singlet"
"CTGTGCTTCGGCGGTT-4-3","singlet"
"CTGTTTACAACTGCTA-4-3","singlet"
"CTGTTTACAAGGTTTC-4-3","singlet"
"CTGTTTACATTGGCGC-4-3","doublet"
"CTGTTTATCAGATAAG-4-3","singlet"
"CTGTTTATCAGTTGAC-4-3","singlet"
"CTGTTTATCCCTAACC-4-3","negative"
"CTTAACTTCTCCCTGA-4-3","singlet"
"CTTACCGAGACATAAC-4-3","doublet"
"CTTACCGAGTGGTAAT-4-3","singlet"
"CTTACCGCAGCCTTTC-4-3","doublet"
"CTTACCGCAGTAAGAT-4-3","singlet"
"CTTACCGGTCCATGAT-4-3","singlet"
"CTTAGGACAATGTAAG-4-3","singlet"
"CTTAGGAGTCTCTCTG-4-3","doublet"
"CTTAGGATCTCAAGTG-4-3","singlet"
"CTTCTCTCACACATGT-4-3","singlet"
"CTTCTCTCAGACGCCT-4-3","singlet"
"CTTCTCTTCACTATTC-4-3","singlet"
"CTTCTCTTCAGCATGT-4-3","doublet"
"CTTGGCTCAATCTACG-4-3","singlet"
"CTTTGCGAGCGTAGTG-4-3","singlet"
"CTTTGCGAGCTTCGCG-4-3","singlet"
"CTTTGCGCAAGTAGTA-4-3","singlet"
"CTTTGCGTCAACGAAA-4-3","singlet"
"CTTTGCGTCGCGATCG-4-3","singlet"
"GAAACTCAGCTGCCCA-4-3","singlet"
"GAAACTCCATGCATGT-4-3","singlet"
"GAAACTCGTATAGTAG-4-3","singlet"
"GAAACTCTCAAGAAGT-4-3","doublet"
"GAAACTCTCTTCCTTC-4-3","singlet"
"GAAATGACAATGGATA-4-3","doublet"
"GAAATGATCATTGCGA-4-3","singlet"
"GAACATCAGGTGACCA-4-3","singlet"
"GAACATCCATGGTCTA-4-3","singlet"
"GAACATCCATTCCTCG-4-3","singlet"
"GAACATCGTGTTTGTG-4-3","singlet"
"GAACATCTCACTCTTA-4-3","singlet"
"GAACCTAAGCCTTGAT-4-3","negative"
"GAACCTAAGTAGTGCG-4-3","doublet"
"GAACCTAAGTTAGGTA-4-3","singlet"
"GAACCTACAAATACAG-4-3","doublet"
"GAACCTACACACTGCG-4-3","singlet"
"GAACGGAAGCGTGAAC-4-3","singlet"
"GAACGGAAGTCATGCT-4-3","singlet"
"GAACGGACAATGGAGC-4-3","singlet"
"GAACGGAGTTGACGTT-4-3","doublet"
"GAAGCAGAGATCTGAA-4-3","singlet"
"GAAGCAGCAAACAACA-4-3","singlet"
"GAAGCAGGTAAGGGAA-4-3","singlet"
"GAATAAGCAAACGCGA-4-3","singlet"
"GAATAAGCATAAGACA-4-3","singlet"
"GAATGAACAAACCCAT-4-3","doublet"
"GAATGAACAAGCCCAC-4-3","singlet"
"GAATGAACATTCGACA-4-3","singlet"
"GAATGAAGTCAGGACA-4-3","singlet"
"GACACGCCAGTCAGAG-4-3","singlet"
"GACACGCGTGATGTCT-4-3","singlet"
"GACACGCTCAGCTGGC-4-3","singlet"
"GACACGCTCGCAGGCT-4-3","singlet"
"GACAGAGAGAGGTAGA-4-3","doublet"
"GACAGAGAGATACACA-4-3","doublet"
"GACAGAGCATTAACCG-4-3","singlet"
"GACAGAGGTTTGCATG-4-3","doublet"
"GACAGAGTCACCGTAA-4-3","doublet"
"GACCAATAGTTGCAGG-4-3","singlet"
"GACCAATCAACTTGAC-4-3","doublet"
"GACCAATCAGAGTGTG-4-3","singlet"
"GACCAATGTCTAGTGT-4-3","doublet"
"GACCTGGAGAACTCGG-4-3","doublet"
"GACCTGGGTACATGTC-4-3","negative"
"GACCTGGGTAGGCATG-4-3","doublet"
"GACCTGGTCTCTAGGA-4-3","singlet"
"GACCTGGTCTGGTGTA-4-3","singlet"
"GACGCGTAGACTTTCG-4-3","singlet"
"GACGCGTAGATGGGTC-4-3","singlet"
"GACGCGTAGTGCGATG-4-3","doublet"
"GACGCGTTCACGACTA-4-3","singlet"
"GACGGCTAGCTTTGGT-4-3","singlet"
"GACGGCTAGGTACTCT-4-3","doublet"
"GACGGCTCAATGTAAG-4-3","singlet"
"GACGGCTTCCAGTATG-4-3","singlet"
"GACGTGCAGTCTCGGC-4-3","singlet"
"GACGTGCGTAGGACAC-4-3","negative"
"GACGTGCGTGCCTGCA-4-3","singlet"
"GACGTGCGTTTGACAC-4-3","singlet"
"GACGTGCTCGGGAGTA-4-3","singlet"
"GACGTGCTCTCGTATT-4-3","singlet"
"GACGTTACAAGTAGTA-4-3","doublet"
"GACGTTAGTAAAGGAG-4-3","singlet"
"GACGTTAGTAAGTGTA-4-3","singlet"
"GACGTTAGTGTAATGA-4-3","singlet"
"GACGTTAGTTCGCTAA-4-3","singlet"
"GACTAACAGAAGGTTT-4-3","singlet"
"GACTAACAGTGAACGC-4-3","singlet"
"GACTAACCAAAGAATC-4-3","singlet"
"GACTAACCATGGAATA-4-3","doublet"
"GACTAACTCAGGCCCA-4-3","singlet"
"GACTAACTCCTTGCCA-4-3","singlet"
"GACTAACTCGGCGCAT-4-3","singlet"
"GACTACAAGCGCTCCA-4-3","singlet"
"GACTACACATACCATG-4-3","singlet"
"GACTACAGTAGTAGTA-4-3","singlet"
"GACTACAGTCGCGAAA-4-3","singlet"
"GACTACATCGGAGGTA-4-3","singlet"
"GACTACATCTTCGAGA-4-3","doublet"
"GACTGCGAGCTACCTA-4-3","doublet"
"GACTGCGCAGCGATCC-4-3","doublet"
"GACTGCGTCGATGAGG-4-3","singlet"
"GACTGCGTCTTGTACT-4-3","singlet"
"GAGCAGAAGATCGATA-4-3","doublet"
"GAGCAGAGTCCGTGAC-4-3","doublet"
"GAGCAGATCAGAGGTG-4-3","singlet"
"GAGGTGAAGTTAACGA-4-3","singlet"
"GAGGTGAGTAAACCTC-4-3","singlet"
"GAGGTGATCTCTGAGA-4-3","singlet"
"GAGTCCGAGTGTTAGA-4-3","negative"
"GAGTCCGCAAGCGTAG-4-3","singlet"
"GAGTCCGCACAGCCCA-4-3","doublet"
"GAGTCCGGTCATTAGC-4-3","singlet"
"GAGTCCGGTTTAGGAA-4-3","doublet"
"GAGTCCGTCATTCACT-4-3","singlet"
"GAGTCCGTCTGCTGCT-4-3","singlet"
"GATCAGTCAGACAAGC-4-3","doublet"
"GATCAGTGTTCGCTAA-4-3","singlet"
"GATCGATCACATTAGC-4-3","singlet"
"GATCGATCATATGGTC-4-3","singlet"
"GATCGATTCCTATTCA-4-3","singlet"
"GATCGCGCAAGCCGTC-4-3","singlet"
"GATCGCGTCTTGTATC-4-3","singlet"
"GATCGTACAACACGCC-4-3","singlet"
"GATCGTAGTCGGATCC-4-3","doublet"
"GATCGTAGTGTTTGGT-4-3","singlet"
"GATCGTAGTTAAGTAG-4-3","singlet"
"GATCTAGAGGTTACCT-4-3","singlet"
"GATCTAGCAAAGTGCG-4-3","singlet"
"GATCTAGCAATCGAAA-4-3","negative"
"GATCTAGCAGTTTACG-4-3","doublet"
"GATCTAGGTAAACACA-4-3","doublet"
"GATCTAGTCCCACTTG-4-3","doublet"
"GATCTAGTCGGAAACG-4-3","doublet"
"GATGAAAAGATGTTAG-4-3","singlet"
"GATGAAAAGCTTCGCG-4-3","singlet"
"GATGAAACAGCGTCCA-4-3","singlet"
"GATGAAAGTAAGGATT-4-3","singlet"
"GATGAAAGTTCCAACA-4-3","singlet"
"GATGAGGAGCTAGGCA-4-3","singlet"
"GATGAGGAGGCCCGTT-4-3","singlet"
"GATGAGGAGTGGGCTA-4-3","singlet"
"GATGAGGCAATAGAGT-4-3","singlet"
"GATGAGGTCTATCCCG-4-3","doublet"
"GATGCTAAGAAACGCC-4-3","singlet"
"GATGCTACAATAGCGG-4-3","singlet"
"GATGCTACAGCGATCC-4-3","singlet"
"GATGCTAGTCCGAATT-4-3","doublet"
"GATGCTATCACGCATA-4-3","singlet"
"GATGCTATCCTGTAGA-4-3","doublet"
"GATTCAGTCTTTCCTC-4-3","doublet"
"GCAAACTCACAACGCC-4-3","singlet"
"GCAAACTCAGGGTATG-4-3","doublet"
"GCAAACTCATGCCTAA-4-3","singlet"
"GCAAACTGTAAGAGAG-4-3","singlet"
"GCAAACTTCTCATTCA-4-3","doublet"
"GCAATCAAGTGGAGTC-4-3","singlet"
"GCAATCAGTGGTACAG-4-3","doublet"
"GCAATCAGTTCCCGAG-4-3","singlet"
"GCAATCATCAAACCAC-4-3","singlet"
"GCACATACACATGGGA-4-3","singlet"
"GCACATAGTAGCTTGT-4-3","singlet"
"GCACATATCCGCAGTG-4-3","singlet"
"GCACTCTCAAACGTGG-4-3","singlet"
"GCAGCCAAGCTAGTGG-4-3","singlet"
"GCAGCCACAAGCCCAC-4-3","doublet"
"GCAGCCACAAGTTAAG-4-3","singlet"
"GCAGCCACACCATGTA-4-3","singlet"
"GCAGCCAGTCGCGTGT-4-3","singlet"
"GCAGCCATCCCTTGCA-4-3","singlet"
"GCAGCCATCTCGCATC-4-3","singlet"
"GCAGCCATCTCGTATT-4-3","singlet"
"GCAGTTAAGCTGCGAA-4-3","singlet"
"GCAGTTAAGTGCAAGC-4-3","singlet"
"GCAGTTACAGATCCAT-4-3","singlet"
"GCAGTTAGTAGGCTGA-4-3","singlet"
"GCAGTTAGTTTCGCTC-4-3","singlet"
"GCATACAAGTAATCCC-4-3","singlet"
"GCATGCGAGCGTTGCC-4-3","singlet"
"GCATGCGCAATTGCTG-4-3","singlet"
"GCATGTAAGCCGATTT-4-3","doublet"
"GCATGTAGTAGAGGAA-4-3","doublet"
"GCATGTAGTAGCGCTC-4-3","doublet"
"GCATGTAGTGTGGCTC-4-3","singlet"
"GCATGTATCGGTGTTA-4-3","doublet"
"GCATGTATCTACTATC-4-3","negative"
"GCCAAATCAGACAAAT-4-3","singlet"
"GCCAAATGTAAACGCG-4-3","doublet"
"GCCAAATGTGCCTGCA-4-3","doublet"
"GCCTCTACAATGAAAC-4-3","singlet"
"GCCTCTATCAAGAAGT-4-3","singlet"
"GCCTCTATCAGTCAGT-4-3","negative"
"GCCTCTATCCGTCATC-4-3","singlet"
"GCCTCTATCTTCGGTC-4-3","doublet"
"GCGACCAAGTCGTTTG-4-3","singlet"
"GCGACCAGTAGAGGAA-4-3","singlet"
"GCGACCAGTATCGCAT-4-3","singlet"
"GCGACCAGTCGACTGC-4-3","singlet"
"GCGACCAGTTACGCGC-4-3","singlet"
"GCGAGAAGTGCAACGA-4-3","singlet"
"GCGCAACAGGACACCA-4-3","singlet"
"GCGCAACAGTAGGTGC-4-3","singlet"
"GCGCAACCATAGACTC-4-3","singlet"
"GCGCAACCATCAGTCA-4-3","singlet"
"GCGCAACGTAGGACAC-4-3","singlet"
"GCGCAACTCTGTCTAT-4-3","doublet"
"GCGCAGTAGGCCCTCA-4-3","doublet"
"GCGCAGTAGTCCCACG-4-3","doublet"
"GCGCAGTGTATTCTCT-4-3","singlet"
"GCGCAGTGTGGCCCTA-4-3","doublet"
"GCGCCAACACCAACCG-4-3","singlet"
"GCGCCAACACGGCCAT-4-3","negative"
"GCGCCAATCCAAACTG-4-3","singlet"
"GCGCCAATCTGAGTGT-4-3","singlet"
"GCGCGATCACGAAGCA-4-3","singlet"
"GCGCGATCAGTCACTA-4-3","singlet"
"GCGGGTTCATTGGCGC-4-3","negative"
"GCGGGTTGTAGCGTCC-4-3","singlet"
"GCGGGTTGTCCCTACT-4-3","singlet"
"GCGGGTTGTTGCGCAC-4-3","singlet"
"GCGGGTTTCTAACCGA-4-3","singlet"
"GCTCCTAGTGTGAAAT-4-3","singlet"
"GCTCCTATCAAACGGG-4-3","doublet"
"GCTCCTATCCAAGTAC-4-3","singlet"
"GCTCTGTGTATAAACG-4-3","singlet"
"GCTCTGTTCGGACAAG-4-3","negative"
"GCTCTGTTCGTAGGAG-4-3","singlet"
"GCTCTGTTCGTCCGTT-4-3","singlet"
"GCTCTGTTCTGGTATG-4-3","singlet"
"GCTGCAGAGAAGGTGA-4-3","doublet"
"GCTGCAGAGGAATGGA-4-3","singlet"
"GCTGCAGAGTCACGCC-4-3","singlet"
"GCTGCAGCAGTTTACG-4-3","singlet"
"GCTGCAGCATGACATC-4-3","singlet"
"GCTGCAGTCCAAAGTC-4-3","singlet"
"GCTGCGAAGGTAAACT-4-3","singlet"
"GCTGCGAAGGTGACCA-4-3","singlet"
"GCTGCGACACAGACAG-4-3","singlet"
"GCTGCGACACAGGAGT-4-3","singlet"
"GCTGCGAGTATAAACG-4-3","singlet"
"GCTGCTTAGAGGGCTT-4-3","singlet"
"GCTGCTTAGTACTTGC-4-3","singlet"
"GCTGCTTAGTAGGTGC-4-3","singlet"
"GCTGCTTAGTGGTAGC-4-3","singlet"
"GCTGCTTCATGGATGG-4-3","singlet"
"GCTGCTTGTACCCAAT-4-3","singlet"
"GCTGCTTGTACCGCTG-4-3","doublet"
"GCTGCTTGTAGCGATG-4-3","singlet"
"GCTGCTTGTATGCTTG-4-3","singlet"
"GCTGGGTAGAAACCTA-4-3","singlet"
"GCTGGGTAGTAACCCT-4-3","singlet"
"GCTGGGTAGTGACATA-4-3","singlet"
"GCTGGGTCAAGCCCAC-4-3","singlet"
"GCTGGGTGTTCGTCTC-4-3","doublet"
"GCTGGGTTCTTGAGAC-4-3","singlet"
"GCTTCCACATGCCCGA-4-3","negative"
"GCTTCCATCTCAACTT-4-3","singlet"
"GCTTGAAAGCTGCAAG-4-3","singlet"
"GCTTGAAAGTCCGGTC-4-3","singlet"
"GCTTGAAAGTGAAGAG-4-3","singlet"
"GCTTGAACACCCAGTG-4-3","singlet"
"GCTTGAAGTATATGAG-4-3","singlet"
"GCTTGAAGTGCACTTA-4-3","singlet"
"GCTTGAATCGTTACAG-4-3","singlet"
"GCTTGAATCTGAGGGA-4-3","singlet"
"GGAAAGCAGGCAGTCA-4-3","singlet"
"GGAAAGCCACTAGTAC-4-3","singlet"
"GGAAAGCCAGACTCGC-4-3","doublet"
"GGAAAGCGTTCGGCAC-4-3","singlet"
"GGAACTTGTCTAACGT-4-3","singlet"
"GGAACTTTCTCTTGAT-4-3","doublet"
"GGAATAACAGCTGTTA-4-3","doublet"
"GGAATAACAGTCTTCC-4-3","negative"
"GGAATAAGTCGTGGCT-4-3","singlet"
"GGAATAATCTCTAGGA-4-3","doublet"
"GGACAAGGTCCAACTA-4-3","singlet"
"GGACAAGTCGTTTAGG-4-3","singlet"
"GGACAGAAGGGCTCTC-4-3","singlet"
"GGACAGAGTAAACACA-4-3","negative"
"GGACAGAGTCCATGAT-4-3","singlet"
"GGACAGATCACAAACC-4-3","singlet"
"GGACAGATCTTTAGGG-4-3","singlet"
"GGACATTAGCCACGCT-4-3","doublet"
"GGACATTCAATGTTGC-4-3","singlet"
"GGACATTGTAACGCGA-4-3","doublet"
"GGACGTCAGATTACCC-4-3","singlet"
"GGACGTCCAAGCCATT-4-3","doublet"
"GGAGCAAAGGCAATTA-4-3","singlet"
"GGATGTTAGTACGTAA-4-3","doublet"
"GGATGTTAGTGTCCAT-4-3","doublet"
"GGATGTTGTAAGGGAA-4-3","singlet"
"GGATTACCAAGCCCAC-4-3","singlet"
"GGATTACCATGGTCTA-4-3","doublet"
"GGATTACGTTTAGGAA-4-3","negative"
"GGCAATTAGCTTTGGT-4-3","singlet"
"GGCAATTGTACAAGTA-4-3","singlet"
"GGCAATTGTCCGACGT-4-3","singlet"
"GGCAATTGTCGCGGTT-4-3","doublet"
"GGCAATTGTGGAAAGA-4-3","doublet"
"GGCAATTTCACGGTTA-4-3","singlet"
"GGCAATTTCCCATTTA-4-3","singlet"
"GGCAATTTCCCGGATG-4-3","singlet"
"GGCCGATAGGGAGTAA-4-3","singlet"
"GGCCGATAGTGATCGG-4-3","singlet"
"GGCCGATGTCGAGTTT-4-3","doublet"
"GGCCGATGTCGGCTCA-4-3","singlet"
"GGCCGATGTGCTAGCC-4-3","doublet"
"GGCCGATGTGTCCTCT-4-3","singlet"
"GGCCGATTCAGCACAT-4-3","doublet"
"GGCGACTAGGTTCCTA-4-3","singlet"
"GGCGACTAGTAACCCT-4-3","singlet"
"GGCGACTCACCCTATC-4-3","singlet"
"GGCGACTCACGGTAAG-4-3","doublet"
"GGCGTGTAGATGCCAG-4-3","singlet"
"GGCGTGTAGATTACCC-4-3","singlet"
"GGCGTGTAGGCTCTTA-4-3","negative"
"GGCGTGTCACGACGAA-4-3","singlet"
"GGCGTGTCATATACGC-4-3","doublet"
"GGCGTGTGTTGGTAAA-4-3","doublet"
"GGCGTGTTCAGGCGAA-4-3","doublet"
"GGCGTGTTCTAGCACA-4-3","singlet"
"GGCTCGAAGGCCATAG-4-3","singlet"
"GGCTCGAAGTGCAAGC-4-3","negative"
"GGCTCGAAGTGCGATG-4-3","singlet"
"GGCTCGACAGCTCGAC-4-3","doublet"
"GGCTCGACATCTACGA-4-3","doublet"
"GGCTCGAGTTCAACCA-4-3","singlet"
"GGCTCGATCCCAACGG-4-3","doublet"
"GGCTGGTAGATGGCGT-4-3","singlet"
"GGCTGGTCAGTAGAGC-4-3","singlet"
"GGCTGGTGTTAGATGA-4-3","doublet"
"GGCTGGTTCGTTGCCT-4-3","doublet"
"GGCTGGTTCTTCCTTC-4-3","singlet"
"GGGAATGAGGTACTCT-4-3","singlet"
"GGGAATGTCAATACCG-4-3","singlet"
"GGGAATGTCTAACGGT-4-3","singlet"
"GGGAATGTCTTTACGT-4-3","singlet"
"GGGACCTAGACGACGT-4-3","singlet"
"GGGACCTAGCCAACAG-4-3","doublet"
"GGGACCTCACAAGCCC-4-3","negative"
"GGGACCTCAGGGTTAG-4-3","singlet"
"GGGACCTTCATAACCG-4-3","singlet"
"GGGAGATAGTCTCGGC-4-3","singlet"
"GGGAGATGTCTCAACA-4-3","doublet"
"GGGAGATTCCTCGCAT-4-3","singlet"
"GGGAGATTCGTGGTCG-4-3","singlet"
"GGGATGAAGAAGGACA-4-3","singlet"
"GGGATGAAGACATAAC-4-3","doublet"
"GGGATGACAAAGAATC-4-3","singlet"
"GGGATGAGTTGATTCG-4-3","singlet"
"GGGCACTGTCTAGGTT-4-3","singlet"
"GGGCACTGTTCGTGAT-4-3","singlet"
"GGGCATCCACAGCGTC-4-3","singlet"
"GGGTCTGGTGATGCCC-4-3","singlet"
"GGGTCTGGTGGTAACG-4-3","singlet"
"GGGTCTGTCCTAGAAC-4-3","doublet"
"GGGTTGCAGCGATATA-4-3","doublet"
"GGGTTGCGTAAACCTC-4-3","singlet"
"GGTATTGAGATCCCGC-4-3","doublet"
"GGTATTGGTATCAGTC-4-3","singlet"
"GGTATTGGTTTAGCTG-4-3","singlet"
"GGTATTGTCTGGAGCC-4-3","negative"
"GGTGAAGAGACCCACC-4-3","singlet"
"GGTGAAGCACATAACC-4-3","singlet"
"GGTGAAGCACTACAGT-4-3","singlet"
"GGTGAAGCATCAGTCA-4-3","singlet"
"GGTGAAGCATCGGAAG-4-3","doublet"
"GGTGAAGCATTACCTT-4-3","singlet"
"GGTGAAGGTGGTCCGT-4-3","singlet"
"GGTGCGTCAACCGCCA-4-3","doublet"
"GGTGCGTCAGGATTGG-4-3","singlet"
"GGTGCGTCATGTAGTC-4-3","singlet"
"GGTGCGTGTCGTCTTC-4-3","singlet"
"GGTGCGTGTGCACTTA-4-3","singlet"
"GGTGTTAGTAAGTGGC-4-3","doublet"
"GGTGTTATCCGCAAGC-4-3","doublet"
"GGTGTTATCTACTATC-4-3","singlet"
"GTAACGTAGAAAGTGG-4-3","doublet"
"GTAACGTAGCCGATTT-4-3","singlet"
"GTAACGTAGCTCAACT-4-3","singlet"
"GTAACGTAGTGGTAAT-4-3","singlet"
"GTAACGTAGTTAGGTA-4-3","singlet"
"GTAACGTCACACTGCG-4-3","singlet"
"GTAACGTTCAACGGGA-4-3","singlet"
"GTAACGTTCATGCATG-4-3","doublet"
"GTAACTGTCTGAGGGA-4-3","singlet"
"GTACGTACAATAACGA-4-3","singlet"
"GTACGTACACTAAGTC-4-3","negative"
"GTACGTACAGCTATTG-4-3","singlet"
"GTACGTAGTTTCGCTC-4-3","singlet"
"GTACGTATCGATAGAA-4-3","doublet"
"GTACGTATCGTCTGCT-4-3","singlet"
"GTACTCCAGAACTCGG-4-3","negative"
"GTACTCCGTCGCTTCT-4-3","singlet"
"GTACTCCTCCAACCAA-4-3","singlet"
"GTACTCCTCCTTTACA-4-3","singlet"
"GTACTTTCAAGCGAGT-4-3","singlet"
"GTACTTTCATGACATC-4-3","singlet"
"GTACTTTCATGCCTTC-4-3","singlet"
"GTACTTTGTCTCACCT-4-3","singlet"
"GTAGGCCAGAGGGCTT-4-3","singlet"
"GTAGGCCGTGGGTATG-4-3","singlet"
"GTAGTCAAGATAGGAG-4-3","singlet"
"GTAGTCAAGCTACCTA-4-3","singlet"
"GTAGTCACATGCCCGA-4-3","singlet"
"GTAGTCAGTCTCTTTA-4-3","negative"
"GTAGTCAGTGGTCCGT-4-3","singlet"
"GTAGTCATCTCACATT-4-3","singlet"
"GTATCTTAGATAGCAT-4-3","singlet"
"GTATCTTGTGTTGGGA-4-3","singlet"
"GTATCTTGTTAAAGAC-4-3","singlet"
"GTATCTTGTTTAGCTG-4-3","singlet"
"GTATCTTTCTTGTATC-4-3","doublet"
"GTATTCTAGCAACGGT-4-3","singlet"
"GTATTCTAGCGATTCT-4-3","doublet"
"GTATTCTCAATGGATA-4-3","doublet"
"GTATTCTTCTGTTGAG-4-3","doublet"
"GTCAAGTAGTGAATTG-4-3","singlet"
"GTCAAGTAGTGGCACA-4-3","singlet"
"GTCAAGTGTGTCTGAT-4-3","doublet"
"GTCAAGTGTTATGCGT-4-3","negative"
"GTCACAAAGAAGCCCA-4-3","doublet"
"GTCACAAAGATTACCC-4-3","singlet"
"GTCACAAAGCTAGGCA-4-3","singlet"
"GTCACAACAAACCTAC-4-3","doublet"
"GTCACAAGTGCCTGTG-4-3","doublet"
"GTCACAATCACAAACC-4-3","singlet"
"GTCACAATCCAAAGTC-4-3","singlet"
"GTCACGGAGATGGGTC-4-3","doublet"
"GTCACGGGTCATGCAT-4-3","doublet"
"GTCATTTAGGTGACCA-4-3","singlet"
"GTCATTTTCAGTCCCT-4-3","singlet"
"GTCCTCACAAATCCGT-4-3","doublet"
"GTCCTCACAGCCTGTG-4-3","negative"
"GTCCTCATCAGCGATT-4-3","singlet"
"GTCGGGTCAATCTACG-4-3","singlet"
"GTCGGGTCAATGGACG-4-3","singlet"
"GTCGGGTCAGACGCAA-4-3","singlet"
"GTCGGGTCAGCTCCGA-4-3","singlet"
"GTCGGGTCAGTTCATG-4-3","singlet"
"GTCGGGTGTATGAATG-4-3","doublet"
"GTCGGGTTCACCTTAT-4-3","doublet"
"GTCGGGTTCTGCCCTA-4-3","singlet"
"GTCGGGTTCTGCGTAA-4-3","singlet"
"GTCGTAAAGTCTCAAC-4-3","singlet"
"GTCGTAACAGTCACTA-4-3","doublet"
"GTCGTAATCAGCTCTC-4-3","singlet"
"GTCTCGTAGGCGCTCT-4-3","negative"
"GTCTCGTAGTGTACTC-4-3","singlet"
"GTCTCGTGTGGTAACG-4-3","singlet"
"GTCTTCGAGACTGGGT-4-3","doublet"
"GTCTTCGTCGTGGGAA-4-3","singlet"
"GTGAAGGCAATGCCAT-4-3","singlet"
"GTGAAGGCACCGGAAA-4-3","singlet"
"GTGAAGGCATCACCCT-4-3","doublet"
"GTGAAGGGTAGCGTAG-4-3","singlet"
"GTGAAGGTCGAGAGCA-4-3","singlet"
"GTGAAGGTCTGTTTGT-4-3","singlet"
"GTGCAGCAGTAGCCGA-4-3","doublet"
"GTGCAGCAGTTACGGG-4-3","singlet"
"GTGCAGCCAGTCACTA-4-3","singlet"
"GTGCATAGTCCAGTAT-4-3","singlet"
"GTGCATAGTTGTACAC-4-3","singlet"
"GTGCATATCCACTCCA-4-3","negative"
"GTGCGGTCAAGCTGTT-4-3","singlet"
"GTGCGGTGTAGTGAAT-4-3","singlet"
"GTGCGGTGTTGTTTGG-4-3","singlet"
"GTGCGGTTCCTTGACC-4-3","singlet"
"GTGCTTCGTTCCATGA-4-3","singlet"
"GTGGGTCTCCACGCAG-4-3","doublet"
"GTGGGTCTCTCAAGTG-4-3","singlet"
"GTGTGCGAGGTACTCT-4-3","singlet"
"GTGTGCGCACGGTAGA-4-3","singlet"
"GTTAAGCCAAGTCATC-4-3","doublet"
"GTTAAGCCACGGCCAT-4-3","doublet"
"GTTAAGCGTGTGTGCC-4-3","doublet"
"GTTAAGCGTTCACCTC-4-3","singlet"
"GTTAAGCTCAGTCAGT-4-3","doublet"
"GTTAAGCTCTTTAGTC-4-3","singlet"
"GTTACAGAGGAATCGC-4-3","singlet"
"GTTACAGGTCTTCTCG-4-3","singlet"
"GTTACAGGTTAAAGAC-4-3","singlet"
"GTTACAGGTTACAGAA-4-3","negative"
"GTTCATTCATCACGTA-4-3","singlet"
"GTTCATTCATTAGGCT-4-3","singlet"
"GTTCATTGTCTCAACA-4-3","singlet"
"GTTCATTGTTTAAGCC-4-3","singlet"
"GTTCGGGAGGTGTTAA-4-3","singlet"
"GTTCTCGCACCTCGTT-4-3","singlet"
"GTTCTCGGTAAACACA-4-3","doublet"
"GTTCTCGGTGCTGTAT-4-3","singlet"
"GTTCTCGGTTCACCTC-4-3","singlet"
"GTTCTCGTCCTCAATT-4-3","singlet"
"GTTCTCGTCTCTAAGG-4-3","singlet"
"GTTTCTAAGAGGTTAT-4-3","singlet"
"GTTTCTAAGCGGATCA-4-3","singlet"
"GTTTCTACATGCAACT-4-3","singlet"
"GTTTCTATCCAAACTG-4-3","singlet"
"GTTTCTATCGTCACGG-4-3","singlet"
"GTTTCTATCTTCTGGC-4-3","doublet"
"TAAACCGAGCCACTAT-4-3","singlet"
"TAAACCGCAACACGCC-4-3","doublet"
"TAAACCGGTCGAATCT-4-3","singlet"
"TAAACCGGTGACCAAG-4-3","singlet"
"TAAGAGAAGCTGCGAA-4-3","singlet"
"TAAGAGACAGTAGAGC-4-3","singlet"
"TAAGAGAGTCAATGTC-4-3","negative"
"TAAGAGAGTGACGGTA-4-3","singlet"
"TAAGCGTCAAAGAATC-4-3","doublet"
"TAAGCGTCATTCTCAT-4-3","singlet"
"TAAGCGTGTGAACCTT-4-3","singlet"
"TAAGCGTGTTGTGGAG-4-3","singlet"
"TAAGCGTTCGTACCGG-4-3","doublet"
"TAAGTGCCATTGGTAC-4-3","singlet"
"TAAGTGCTCGAACTGT-4-3","doublet"
"TACACGAAGCAATATG-4-3","singlet"
"TACACGAGTAAGGATT-4-3","singlet"
"TACACGAGTGTGCGTC-4-3","singlet"
"TACACGATCACAACGT-4-3","doublet"
"TACACGATCATCACCC-4-3","singlet"
"TACAGTGCAAGTCATC-4-3","singlet"
"TACCTATAGTAGGCCA-4-3","singlet"
"TACCTATCAATGGACG-4-3","doublet"
"TACCTATTCGTTTATC-4-3","singlet"
"TACCTTAAGAAAGTGG-4-3","doublet"
"TACCTTAAGCTATGCT-4-3","singlet"
"TACCTTAAGGTTACCT-4-3","singlet"
"TACCTTACAACACCTA-4-3","singlet"
"TACCTTACACGTAAGG-4-3","negative"
"TACCTTACACTCAGGC-4-3","doublet"
"TACCTTATCCCAACGG-4-3","singlet"
"TACCTTATCCCTTGTG-4-3","doublet"
"TACCTTATCCGCGGTA-4-3","singlet"
"TACGGATCATTGTGCA-4-3","singlet"
"TACGGATGTGTCCTCT-4-3","singlet"
"TACGGATGTTACGACT-4-3","singlet"
"TACGGATGTTCGCGAC-4-3","singlet"
"TACGGATTCGGATGGA-4-3","singlet"
"TACGGGCCATCTATGG-4-3","negative"
"TACGGGCGTACATGTC-4-3","singlet"
"TACGGGCGTATGCTTG-4-3","singlet"
"TACGGGCGTATTAGCC-4-3","singlet"
"TACGGGCGTTCGAATC-4-3","doublet"
"TACGGTACAATACGCT-4-3","singlet"
"TACGGTACATATGGTC-4-3","doublet"
"TACGGTAGTAATAGCA-4-3","negative"
"TACGGTATCCCTTGTG-4-3","doublet"
"TACGGTATCTATCCCG-4-3","doublet"
"TACTCATCAGAGCCAA-4-3","singlet"
"TACTCATCATCAGTCA-4-3","doublet"
"TACTCATTCTGAGGGA-4-3","singlet"
"TACTCGCCAGATAATG-4-3","singlet"
"TACTCGCGTAAGGGAA-4-3","singlet"
"TACTCGCGTTCAACCA-4-3","singlet"
"TACTTACAGCCCAGCT-4-3","doublet"
"TACTTACCACCGAATT-4-3","doublet"
"TACTTACGTGTAATGA-4-3","singlet"
"TACTTACGTTAAGAAC-4-3","singlet"
"TACTTACTCCTCAATT-4-3","singlet"
"TACTTACTCTACCTGC-4-3","singlet"
"TACTTGTAGAGCAATT-4-3","doublet"
"TACTTGTGTCCATGAT-4-3","negative"
"TAGACCAAGATAGGAG-4-3","singlet"
"TAGACCACACGTCTCT-4-3","doublet"
"TAGACCACAGGAATCG-4-3","doublet"
"TAGACCAGTTCGGCAC-4-3","singlet"
"TAGACCATCGTAGGAG-4-3","singlet"
"TAGAGCTAGAGGTTGC-4-3","singlet"
"TAGAGCTAGATCCCGC-4-3","singlet"
"TAGAGCTAGCGGATCA-4-3","singlet"
"TAGAGCTAGTGAACAT-4-3","singlet"
"TAGAGCTCAAAGCGGT-4-3","singlet"
"TAGCCGGCACGAGAGT-4-3","singlet"
"TAGCCGGCATTAGGCT-4-3","doublet"
"TAGCCGGTCGCTGATA-4-3","doublet"
"TAGCCGGTCTGCTTGC-4-3","singlet"
"TAGGCATAGAGTACCG-4-3","singlet"
"TAGGCATCAACTGCGC-4-3","singlet"
"TAGGCATCAAGACGTG-4-3","singlet"
"TAGTGGTCACAGTCGC-4-3","doublet"
"TAGTGGTCAGATCTGT-4-3","singlet"
"TAGTGGTGTACGCACC-4-3","doublet"
"TAGTGGTGTAGAGGAA-4-3","doublet"
"TAGTGGTGTCATACTG-4-3","singlet"
"TAGTGGTGTTAAGATG-4-3","singlet"
"TAGTGGTTCTTGAGAC-4-3","singlet"
"TAGTTGGAGCGTGAAC-4-3","singlet"
"TAGTTGGAGGCCGAAT-4-3","singlet"
"TAGTTGGGTTACGCGC-4-3","doublet"
"TAGTTGGTCCGGCACA-4-3","doublet"
"TATCAGGCAAAGAATC-4-3","singlet"
"TATCAGGCATACTACG-4-3","singlet"
"TATCAGGGTATATGAG-4-3","singlet"
"TATCAGGTCAAACCAC-4-3","singlet"
"TATCAGGTCATGCTCC-4-3","singlet"
"TATCTCAAGATGCCAG-4-3","singlet"
"TATCTCATCAATCACG-4-3","singlet"
"TATGCCCAGAAGCCCA-4-3","doublet"
"TATGCCCAGATCCCGC-4-3","doublet"
"TATGCCCAGTGCCAGA-4-3","doublet"
"TATGCCCCACAGGCCT-4-3","doublet"
"TATGCCCTCACGCGGT-4-3","singlet"
"TATTACCGTAGCGATG-4-3","singlet"
"TATTACCGTTGAGTTC-4-3","singlet"
"TATTACCTCACCACCT-4-3","singlet"
"TATTACCTCGAATCCA-4-3","singlet"
"TATTACCTCGCAAGCC-4-3","singlet"
"TCAACGAGTGGTAACG-4-3","singlet"
"TCAACGATCCAAGTAC-4-3","singlet"
"TCAACGATCTACGAGT-4-3","doublet"
"TCAATCTAGACCTTTG-4-3","singlet"
"TCAATCTGTAACGCGA-4-3","singlet"
"TCAATCTTCCGAACGC-4-3","singlet"
"TCAATCTTCGTACCGG-4-3","singlet"
"TCACAAGAGGCGACAT-4-3","singlet"
"TCACAAGCAGTATAAG-4-3","singlet"
"TCACAAGCATGGTCTA-4-3","singlet"
"TCACAAGGTACTTCTT-4-3","singlet"
"TCACAAGGTCCATCCT-4-3","singlet"
"TCACGAAAGTGACTCT-4-3","singlet"
"TCACGAACAATCGGTT-4-3","doublet"
"TCACGAAGTTTAGGAA-4-3","doublet"
"TCAGATGAGGTCGGAT-4-3","singlet"
"TCAGATGAGTGTACGG-4-3","doublet"
"TCAGATGCATCGGTTA-4-3","singlet"
"TCAGATGGTGACCAAG-4-3","doublet"
"TCAGATGTCAACACAC-4-3","doublet"
"TCAGCAAAGTGTCCCG-4-3","singlet"
"TCAGCAAGTATCAGTC-4-3","doublet"
"TCAGCTCAGGGTTTCT-4-3","singlet"
"TCAGCTCGTATAGTAG-4-3","negative"
"TCAGCTCTCCCAAGTA-4-3","singlet"
"TCAGGATAGCTGTTCA-4-3","singlet"
"TCAGGATCACACAGAG-4-3","singlet"
"TCAGGATCACAGGTTT-4-3","negative"
"TCAGGTAAGACACTAA-4-3","singlet"
"TCAGGTAAGCTCCTCT-4-3","singlet"
"TCAGGTAAGCTGCAAG-4-3","singlet"
"TCAGGTACAAGCCGTC-4-3","singlet"
"TCAGGTACAAGCGCTC-4-3","doublet"
"TCATTACCACGCCAGT-4-3","singlet"
"TCATTACTCAATCACG-4-3","doublet"
"TCATTTGAGCCCAGCT-4-3","doublet"
"TCATTTGCAGATCGGA-4-3","singlet"
"TCCACACAGGGTTTCT-4-3","negative"
"TCCACACCACCAGTTA-4-3","singlet"
"TCCACACCATACCATG-4-3","singlet"
"TCCACACTCGTAGGAG-4-3","doublet"
"TCCACACTCGTTTAGG-4-3","singlet"
"TCCACACTCTGAGTGT-4-3","singlet"
"TCCCGATAGGGCTCTC-4-3","singlet"
"TCCCGATAGTTCCACA-4-3","singlet"
"TCCCGATCAATGGAGC-4-3","doublet"
"TCCCGATCATCAGTAC-4-3","singlet"
"TCGAGGCAGCCAGTTT-4-3","doublet"
"TCGAGGCCAGCTGTGC-4-3","singlet"
"TCGAGGCTCTATGTGG-4-3","singlet"
"TCGCGAGCAGGCTCAC-4-3","doublet"
"TCGCGAGTCCTGCTTG-4-3","singlet"
"TCGCGTTAGGACACCA-4-3","singlet"
"TCGCGTTAGGGCATGT-4-3","doublet"
"TCGCGTTCAGACACTT-4-3","singlet"
"TCGCGTTGTCATATGC-4-3","singlet"
"TCGCGTTGTGCGAAAC-4-3","singlet"
"TCGCGTTGTGCGCTTG-4-3","singlet"
"TCGCGTTTCTCGCTTG-4-3","doublet"
"TCGGGACAGCACAGGT-4-3","doublet"
"TCGGGACAGGAGTTTA-4-3","singlet"
"TCGGGACAGTCCATAC-4-3","singlet"
"TCGGGACGTCGAGATG-4-3","singlet"
"TCGGGACTCTGCTGCT-4-3","singlet"
"TCGGTAAAGCCCAGCT-4-3","singlet"
"TCGGTAAAGGCTAGCA-4-3","doublet"
"TCGGTAACAGGAACGT-4-3","singlet"
"TCGGTAAGTAGCTGCC-4-3","singlet"
"TCGGTAAGTTCCAACA-4-3","doublet"
"TCGGTAAGTTCGTCTC-4-3","singlet"
"TCGGTAATCAGATAAG-4-3","singlet"
"TCGGTAATCTAAGCCA-4-3","singlet"
"TCGGTAATCTATCGCC-4-3","singlet"
"TCGGTAATCTTGCCGT-4-3","singlet"
"TCGTACCGTCTACCTC-4-3","singlet"
"TCGTACCTCCTCAACC-4-3","singlet"
"TCGTAGATCAAAGACA-4-3","doublet"
"TCGTAGATCTTACCTA-4-3","singlet"
"TCTATTGGTTCTGAAC-4-3","singlet"
"TCTATTGTCAGGCAAG-4-3","singlet"
"TCTCATAAGAAGGTGA-4-3","singlet"
"TCTCATAAGCTAAGAT-4-3","singlet"
"TCTCATAAGGTGGGTT-4-3","negative"
"TCTCATACACGCTTTC-4-3","singlet"
"TCTCATACACGGTAAG-4-3","singlet"
"TCTCATATCTCAACTT-4-3","singlet"
"TCTCTAAAGACCTAGG-4-3","singlet"
"TCTCTAACAGTTTACG-4-3","singlet"
"TCTCTAAGTTGGTAAA-4-3","singlet"
"TCTGAGAAGTGGGATC-4-3","singlet"
"TCTGAGACATCCTTGC-4-3","singlet"
"TCTGAGACATTCTCAT-4-3","singlet"
"TCTGAGAGTATCTGCA-4-3","singlet"
"TCTGAGAGTGCGGTAA-4-3","singlet"
"TCTGGAAGTCTTGCGG-4-3","singlet"
"TCTTCGGAGCCCTAAT-4-3","singlet"
"TCTTCGGAGTGTTTGC-4-3","doublet"
"TCTTCGGGTGGTTTCA-4-3","singlet"
"TCTTCGGGTGTGGCTC-4-3","singlet"
"TCTTCGGTCTCGAGTA-4-3","singlet"
"TCTTCGGTCTGGAGCC-4-3","singlet"
"TCTTTCCAGAGCTTCT-4-3","singlet"
"TCTTTCCGTAAGTAGT-4-3","singlet"
"TCTTTCCGTCCCTACT-4-3","singlet"
"TCTTTCCTCTGGCGAC-4-3","singlet"
"TGAAAGAAGCCCAATT-4-3","singlet"
"TGAAAGATCTGCTGCT-4-3","doublet"
"TGACAACCATGACATC-4-3","singlet"
"TGACAACGTAGCAAAT-4-3","singlet"
"TGACAACGTCGCCATG-4-3","singlet"
"TGACGGCAGAAGGGTA-4-3","singlet"
"TGACGGCAGCGTCTAT-4-3","singlet"
"TGACGGCGTCTAGTCA-4-3","singlet"
"TGACGGCTCCATGAGT-4-3","doublet"
"TGACTAGCACCAGGCT-4-3","doublet"
"TGACTAGTCTCCGGTT-4-3","doublet"
"TGACTTTGTCCAGTGC-4-3","singlet"
"TGAGAGGAGCTAGTGG-4-3","singlet"
"TGAGAGGAGTGACTCT-4-3","doublet"
"TGAGAGGAGTGATCGG-4-3","singlet"
"TGAGAGGAGTTCCACA-4-3","doublet"
"TGAGAGGCAGCCAATT-4-3","singlet"
"TGAGAGGCAGGCGATA-4-3","doublet"
"TGAGAGGGTACATCCA-4-3","singlet"
"TGAGAGGGTTGTTTGG-4-3","singlet"
"TGAGCATAGACGCACA-4-3","singlet"
"TGAGCATCACCGAAAG-4-3","singlet"
"TGAGCATCACCTCGGA-4-3","doublet"
"TGAGCATGTCTCCACT-4-3","singlet"
"TGAGCCGAGATAGTCA-4-3","singlet"
"TGAGCCGTCATGTCTT-4-3","singlet"
"TGAGCCGTCGCGCCAA-4-3","singlet"
"TGAGCCGTCTGTACGA-4-3","doublet"
"TGAGGGAAGCCCTAAT-4-3","singlet"
"TGAGGGATCAACCATG-4-3","singlet"
"TGAGGGATCAGGTTCA-4-3","singlet"
"TGAGGGATCCATGCTC-4-3","doublet"
"TGATTTCCATTATCTC-4-3","singlet"
"TGATTTCGTAATAGCA-4-3","singlet"
"TGATTTCTCACCAGGC-4-3","singlet"
"TGCACCTAGATGTGGC-4-3","singlet"
"TGCACCTCAATAGCAA-4-3","singlet"
"TGCACCTCACGCATCG-4-3","singlet"
"TGCACCTCACGCCAGT-4-3","doublet"
"TGCACCTCAGGGAGAG-4-3","singlet"
"TGCACCTGTGTGTGCC-4-3","singlet"
"TGCACCTGTTACCGAT-4-3","singlet"
"TGCACCTGTTACTGAC-4-3","doublet"
"TGCACCTGTTAGGGTG-4-3","singlet"
"TGCACCTTCATCATTC-4-3","singlet"
"TGCCAAAGTGCACGAA-4-3","doublet"
"TGCCAAAGTGTCTGAT-4-3","singlet"
"TGCCCATCAAGAAGAG-4-3","doublet"
"TGCCCATGTACGCTGC-4-3","singlet"
"TGCCCTAAGGGTGTTG-4-3","singlet"
"TGCCCTAGTAGCTTGT-4-3","singlet"
"TGCCCTAGTCCGAACC-4-3","singlet"
"TGCCCTAGTCTGGAGA-4-3","singlet"
"TGCGCAGCAGGAATGC-4-3","singlet"
"TGCGCAGGTACCGCTG-4-3","singlet"
"TGCGCAGGTGTTGGGA-4-3","singlet"
"TGCGCAGTCTTTCCTC-4-3","doublet"
"TGCGGGTAGGTGGGTT-4-3","singlet"
"TGCGGGTGTCATGCCG-4-3","doublet"
"TGCGTGGCAGCTGTGC-4-3","singlet"
"TGCGTGGCAGGAATCG-4-3","negative"
"TGCGTGGGTCGGATCC-4-3","doublet"
"TGCGTGGTCCGCGGTA-4-3","singlet"
"TGCTACCAGAGTGACC-4-3","singlet"
"TGCTACCAGTAACCCT-4-3","doublet"
"TGCTACCCACTTCTGC-4-3","singlet"
"TGCTGCTAGCGTAATA-4-3","singlet"
"TGCTGCTCAAACCCAT-4-3","singlet"
"TGCTGCTGTAATTGGA-4-3","singlet"
"TGCTGCTGTCGAAAGC-4-3","singlet"
"TGCTGCTGTCTGCAAT-4-3","singlet"
"TGCTGCTTCACCAGGC-4-3","doublet"
"TGCTGCTTCTGCAGTA-4-3","singlet"
"TGGACGCAGGGCACTA-4-3","singlet"
"TGGACGCCACCGAAAG-4-3","negative"
"TGGCCAGGTAGCGATG-4-3","singlet"
"TGGCCAGTCACTTCAT-4-3","doublet"
"TGGCCAGTCAGGTTCA-4-3","singlet"
"TGGCCAGTCGGAGGTA-4-3","singlet"
"TGGCGCAAGTATTGGA-4-3","singlet"
"TGGCGCATCCGATATG-4-3","doublet"
"TGGCGCATCTTGTTTG-4-3","singlet"
"TGGCTGGAGAAACCGC-4-3","singlet"
"TGGCTGGAGAGACTAT-4-3","doublet"
"TGGCTGGAGTTAGCGG-4-3","doublet"
"TGGCTGGTCAGCACAT-4-3","singlet"
"TGGCTGGTCCTTGGTC-4-3","singlet"
"TGGGAAGAGTTAACGA-4-3","singlet"
"TGGGAAGCAGGACCCT-4-3","singlet"
"TGGGAAGTCTTCATGT-4-3","singlet"
"TGGGCGTAGGGTGTGT-4-3","singlet"
"TGGGCGTGTCGACTAT-4-3","singlet"
"TGGGCGTGTTGTGGCC-4-3","singlet"
"TGGGCGTTCAGGATCT-4-3","singlet"
"TGGGCGTTCGAGAACG-4-3","singlet"
"TGGTTAGAGTGCGTGA-4-3","doublet"
"TGGTTAGCAGTGGGAT-4-3","singlet"
"TGGTTAGGTAAACCTC-4-3","negative"
"TGGTTAGGTGGTCCGT-4-3","singlet"
"TGGTTAGTCGCAAGCC-4-3","singlet"
"TGGTTCCAGAACAACT-4-3","singlet"
"TGGTTCCCAAGCTGGA-4-3","singlet"
"TGGTTCCGTTACGACT-4-3","doublet"
"TGGTTCCGTTTGACAC-4-3","singlet"
"TGTCCCAAGCTGGAAC-4-3","doublet"
"TGTCCCAGTAGCCTCG-4-3","singlet"
"TGTCCCATCAGTGCAT-4-3","singlet"
"TGTCCCATCGTCCAGG-4-3","singlet"
"TGTGGTAAGAAGGTTT-4-3","doublet"
"TGTGGTAAGGGATACC-4-3","singlet"
"TGTGTTTAGTTGTAGA-4-3","negative"
"TGTGTTTCAGCGATCC-4-3","singlet"
"TGTGTTTTCACCCGAG-4-3","doublet"
"TGTTCCGAGGCTATCT-4-3","singlet"
"TGTTCCGGTAGCTAAA-4-3","doublet"
"TGTTCCGGTCTCGTTC-4-3","singlet"
"TTAACTCAGAGTACAT-4-3","singlet"
"TTAACTCAGAGTGAGA-4-3","singlet"
"TTAACTCCACTTAAGC-4-3","doublet"
"TTAACTCCATCTACGA-4-3","singlet"
"TTAACTCGTCGAACAG-4-3","singlet"
"TTAGGACTCGCCAGCA-4-3","singlet"
"TTAGGCAGTAGCTGCC-4-3","singlet"
"TTAGGCATCACCAGGC-4-3","singlet"
"TTAGTTCGTACTTGAC-4-3","singlet"
"TTAGTTCGTTAAGATG-4-3","singlet"
"TTATGCTCACGACGAA-4-3","doublet"
"TTATGCTCACGCTTTC-4-3","doublet"
"TTATGCTCAGCTTAAC-4-3","singlet"
"TTATGCTGTCTCCACT-4-3","singlet"
"TTATGCTTCATGTCCC-4-3","singlet"
"TTATGCTTCCTAGAAC-4-3","singlet"
"TTATGCTTCTAACTTC-4-3","singlet"
"TTATGCTTCTGGGCCA-4-3","singlet"
"TTCCCAGAGGGCTCTC-4-3","singlet"
"TTCCCAGAGTGGTCCC-4-3","singlet"
"TTCCCAGCACGTCAGC-4-3","singlet"
"TTCCCAGGTCTCTTTA-4-3","singlet"
"TTCCCAGTCAGCTCGG-4-3","singlet"
"TTCCCAGTCCGCATAA-4-3","singlet"
"TTCCCAGTCGATGAGG-4-3","doublet"
"TTCGAAGAGTGTGAAT-4-3","singlet"
"TTCGAAGTCTCATTCA-4-3","doublet"
"TTCGGTCTCGGCGCAT-4-3","singlet"
"TTCTACACATCGATGT-4-3","singlet"
"TTCTACAGTACTTCTT-4-3","singlet"
"TTCTACAGTTCCCGAG-4-3","singlet"
"TTCTACATCCTGTAGA-4-3","singlet"
"TTCTACATCGCGGATC-4-3","doublet"
"TTCTCAAAGGTTACCT-4-3","singlet"
"TTCTCAAAGTTGAGTA-4-3","singlet"
"TTCTCAACATGTAAGA-4-3","singlet"
"TTCTCAAGTACCAGTT-4-3","doublet"
"TTCTCCTAGATATGGT-4-3","singlet"
"TTCTCCTAGCGCCTCA-4-3","singlet"
"TTCTCCTAGTGATCGG-4-3","singlet"
"TTCTTAGAGGTCATCT-4-3","negative"
"TTCTTAGCAATCAGAA-4-3","singlet"
"TTCTTAGGTGCACTTA-4-3","singlet"
"TTCTTAGTCGCTAGCG-4-3","doublet"
"TTGAACGAGACTGGGT-4-3","doublet"
"TTGAACGAGGATGGAA-4-3","singlet"
"TTGACTTAGAATGTTG-4-3","doublet"
"TTGACTTAGCCACGTC-4-3","singlet"
"TTGACTTCAACCGCCA-4-3","singlet"
"TTGACTTCAAGAAAGG-4-3","singlet"
"TTGACTTTCGGTGTTA-4-3","doublet"
"TTGCCGTAGTACACCT-4-3","negative"
"TTGCCGTCAAGCCGTC-4-3","singlet"
"TTGCCGTCAGCCTTTC-4-3","doublet"
"TTGCCGTGTGCCTGTG-4-3","singlet"
"TTGCCGTTCGCACTCT-4-3","singlet"
"TTGCGTCCACACCGAC-4-3","singlet"
"TTGCGTCCACGTGAGA-4-3","doublet"
"TTGCGTCCAGTTCCCT-4-3","singlet"
"TTGCGTCGTCAATACC-4-3","singlet"
"TTGCGTCGTCGTCTTC-4-3","singlet"
"TTGCGTCTCCGCAAGC-4-3","singlet"
"TTGCGTCTCTTGCAAG-4-3","doublet"
"TTGGAACAGTCCCACG-4-3","singlet"
"TTGGAACGTTATGTGC-4-3","singlet"
"TTGGCAAAGGACATTA-4-3","doublet"
"TTGGCAACAGCCAATT-4-3","singlet"
"TTGGCAAGTACGAAAT-4-3","singlet"
"TTGGCAAGTGTTCGAT-4-3","singlet"
"TTGGCAATCACAATGC-4-3","singlet"
"TTGGCAATCGCTGATA-4-3","singlet"
"TTGGCAATCGTCCGTT-4-3","negative"
"TTGTAGGAGTTAGCGG-4-3","doublet"
"TTGTAGGCAAGTCATC-4-3","doublet"
"TTGTAGGCATGGAATA-4-3","singlet"
"TTGTAGGGTGATGATA-4-3","singlet"
"TTGTAGGGTTCTGGTA-4-3","singlet"
"TTGTAGGTCCCTAACC-4-3","singlet"
"TTGTAGGTCTGTTGAG-4-3","singlet"
"TTTACTGAGATGCGAC-4-3","singlet"
"TTTACTGCAGCCTTGG-4-3","singlet"
"TTTACTGGTGAAATCA-4-3","singlet"
"TTTATGCTCGCCATAA-4-3","singlet"
"TTTGCGCCACACGCTG-4-3","singlet"
"TTTGCGCCACGTCTCT-4-3","singlet"
"TTTGCGCCATCACCCT-4-3","singlet"
"TTTGCGCCATCGACGC-4-3","singlet"
"TTTGCGCGTGGCCCTA-4-3","singlet"
"TTTGCGCTCTATCCTA-4-3","singlet"
"TTTGCGCTCTCAAACG-4-3","singlet"
"TTTGCGCTCTTGTTTG-4-3","singlet"
"TTTGGTTAGCTTCGCG-4-3","singlet"
"TTTGGTTAGTCGCCGT-4-3","singlet"
"TTTGGTTCAAACGCGA-4-3","singlet"
"TTTGGTTGTAGCTGCC-4-3","singlet"
"TTTGTCACACCAGGTC-4-3","doublet"
"TTTGTCACAGGCTGAA-4-3","singlet"
"TTTGTCAGTGATAAGT-4-3","singlet"
