cell_barcode,classification
AAACCTGAGCCACTAT-1-0,singlet
AAACCTGTCCTTTCGG-1-0,singlet
AAACCTGTCTTTACAC-1-0,singlet
AAACGGGCACCACGTG-1-0,singlet
AAACGGGCACCTCGTT-1-0,singlet
AAACGGGGTCGCATCG-1-0,singlet
AAAGATGCACGCATCG-1-0,singlet
AAAGATGTCACCCGAG-1-0,singlet
AAAGATGTCCTCATTA-1-0,singlet
AAAGCAAAGACGCTTT-1-0,singlet
AAAGCAAAGATCACGG-1-0,singlet
AAAGCAATCGTCCGTT-1-0,singlet
AAAGTAGCACGTAAGG-1-0,singlet
AAAGTAGGTCGAGTTT-1-0,negative
AAATGCCAGACCCACC-1-0,singlet
AAATGCCAGACGCACA-1-0,singlet
AAATGCCAGCAGATCG-1-0,singlet
AAATGCCAGCCTATGT-1-0,singlet
AAATGCCCACAAGACG-1-0,singlet
AAATGCCCAGCTGCTG-1-0,singlet
AAATGCCTCGTGACAT-1-0,singlet
AACACGTAGTAACCCT-1-0,singlet
AACACGTCAATGGAGC-1-0,singlet
AACACGTTCCAAACTG-1-0,singlet
AACCATGCAATGGACG-1-0,singlet
AACCATGTCCGAATGT-1-0,singlet
AACCATGTCGTTTAGG-1-0,singlet
AACCATGTCTTGAGAC-1-0,singlet
AACCGCGGTCTAGGTT-1-0,singlet
AACCGCGTCGTAGATC-1-0,singlet
AACGTTGCATATGGTC-1-0,singlet
AACGTTGGTATCACCA-1-0,singlet
AACGTTGTCGTTACGA-1-0,singlet
AACTCAGCAATGAAAC-1-0,singlet
AACTCAGCAGACACTT-1-0,singlet
AACTCCCTCGAGCCCA-1-0,singlet
AACTCCCTCGGATGTT-1-0,singlet
AACTCCCTCGTACGGC-1-0,singlet
AACTCTTAGTAGTGCG-1-0,singlet
AACTCTTAGTTAACGA-1-0,singlet
AACTCTTCACATGTGT-1-0,singlet
AACTCTTCAGACGTAG-1-0,singlet
AACTCTTCATACGCTA-1-0,singlet
AACTCTTTCATTATCC-1-0,singlet
AACTGGTTCGGCGCTA-1-0,singlet
AACTTTCCAGCGTAAG-1-0,singlet
AAGACCTAGAAGGTTT-1-0,singlet
AAGACCTAGGGTCGAT-1-0,singlet
AAGCCGCAGGCGATAC-1-0,singlet
AAGCCGCAGGGTGTGT-1-0,doublet
AAGCCGCCACGTCAGC-1-0,doublet
AAGCCGCCAGTAGAGC-1-0,singlet
AAGCCGCCATGGTCAT-1-0,singlet
AAGCCGCGTGCTTCTC-1-0,singlet
AAGGCAGAGGTAGCTG-1-0,singlet
AAGGCAGAGTATCTCG-1-0,doublet
AAGGCAGCATGCCTTC-1-0,singlet
AAGGCAGTCACGATGT-1-0,doublet
AAGGCAGTCCGTTGCT-1-0,singlet
AAGGCAGTCCTACAGA-1-0,singlet
AAGGTTCAGATCCCGC-1-0,doublet
AAGGTTCAGCATGGCA-1-0,singlet
AAGGTTCAGTACGCGA-1-0,singlet
AAGGTTCCAATTCCTT-1-0,singlet
AAGTCTGAGGAATTAC-1-0,singlet
AAGTCTGGTGATAAGT-1-0,singlet
AAGTCTGGTGCGATAG-1-0,singlet
AATCCAGCAACTGCTA-1-0,singlet
AATCCAGCACAGAGGT-1-0,singlet
AATCCAGGTCAATGTC-1-0,singlet
AATCCAGGTCCCGACA-1-0,singlet
AATCCAGTCCGTTGTC-1-0,singlet
AATCGGTCAATAGCAA-1-0,singlet
AATCGGTCACGGATAG-1-0,singlet
AATCGGTGTTAAGGGC-1-0,doublet
AATCGGTTCAGATAAG-1-0,singlet
AATCGGTTCCACGTTC-1-0,singlet
ACACCAAAGTAGTGCG-1-0,doublet
ACACCAACAAACTGCT-1-0,singlet
ACACCAACACTGTTAG-1-0,singlet
ACACCAAGTCCGTGAC-1-0,doublet
ACACCCTCAATACGCT-1-0,singlet
ACACCCTGTCTACCTC-1-0,singlet
ACACCCTTCAGTGCAT-1-0,singlet
ACACCCTTCTCGGACG-1-0,singlet
ACACCGGAGTGGGCTA-1-0,singlet
ACACCGGCAAGTCTAC-1-0,doublet
ACACCGGGTCTGGTCG-1-0,singlet
ACACTGAAGCTTATCG-1-0,singlet
ACACTGAAGGGATACC-1-0,singlet
ACACTGAAGGTGCACA-1-0,singlet
ACACTGAAGTGCAAGC-1-0,singlet
ACACTGAGTAAATACG-1-0,singlet
ACAGCCGAGGCCGAAT-1-0,doublet
ACAGCCGCAAACCTAC-1-0,doublet
ACAGCCGCAAGTCTGT-1-0,singlet
ACAGCCGGTATGAATG-1-0,singlet
ACAGCCGGTCCGAAGA-1-0,singlet
ACAGCCGGTCTGCCAG-1-0,doublet
ACAGCTAAGCGTCTAT-1-0,singlet
ACAGCTAAGGCTATCT-1-0,singlet
ACAGCTACATCAGTCA-1-0,singlet
ACAGCTATCCTTGGTC-1-0,singlet
ACAGCTATCGCATGGC-1-0,singlet
ACAGCTATCTACTTAC-1-0,singlet
ACATACGAGAATGTGT-1-0,singlet
ACATACGAGAGTAATC-1-0,singlet
ACATACGCATACCATG-1-0,singlet
ACATACGGTGACAAAT-1-0,singlet
ACATCAGAGTCCGTAT-1-0,singlet
ACATCAGCAGCCTTGG-1-0,singlet
ACATCAGGTCTACCTC-1-0,singlet
ACATCAGTCCTATTCA-1-0,singlet
ACATGGTGTCCCGACA-1-0,singlet
ACATGGTGTTAAAGTG-1-0,singlet
ACCAGTAAGTCCTCCT-1-0,singlet
ACCAGTAGTAGCTTGT-1-0,singlet
ACCAGTATCGGAATCT-1-0,singlet
ACCCACTCATGGTTGT-1-0,singlet
ACCGTAAGTCATCCCT-1-0,singlet
ACCTTTAAGAAGGTGA-1-0,singlet
ACCTTTACAGGTGGAT-1-0,singlet
ACCTTTAGTCCTAGCG-1-0,doublet
ACGAGCCAGCGAAGGG-1-0,doublet
ACGAGCCCATCCCATC-1-0,singlet
ACGAGCCCATGGTCTA-1-0,singlet
ACGAGCCGTAACGCGA-1-0,singlet
ACGAGGAAGACAGAGA-1-0,singlet
ACGAGGAGTCGCGTGT-1-0,singlet
ACGATACAGTGAAGTT-1-0,singlet
ACGATACCATACAGCT-1-0,singlet
ACGCAGCAGGATGGTC-1-0,singlet
ACGCAGCAGTTACGGG-1-0,singlet
ACGCAGCCAGAAGCAC-1-0,singlet
ACGCAGCTCATCATTC-1-0,singlet
ACGCAGCTCCTCTAGC-1-0,singlet
ACGCCAGGTTCGGGCT-1-0,doublet
ACGCCAGTCACCCGAG-1-0,singlet
ACGCCAGTCGGCGCTA-1-0,singlet
ACGCCGAAGGAATTAC-1-0,singlet
ACGCCGAAGGCGATAC-1-0,singlet
ACGCCGAAGTGTACTC-1-0,singlet
ACGCCGACAGCCTTGG-1-0,singlet
ACGCCGAGTCCGAACC-1-0,doublet
ACGCCGATCGTGGGAA-1-0,doublet
ACGGAGAAGCCGTCGT-1-0,singlet
ACGGAGAGTGAACCTT-1-0,doublet
ACGGAGAGTTAGAACA-1-0,singlet
ACGGAGATCAGGCGAA-1-0,doublet
ACGGAGATCTGGTGTA-1-0,singlet
ACGGCCAAGGATGTAT-1-0,singlet
ACGGGCTCAGACACTT-1-0,singlet
ACGGGCTCAGCTATTG-1-0,singlet
ACGGGCTGTAATCACC-1-0,singlet
ACGGGCTGTCCAGTGC-1-0,singlet
ACGGGTCAGAGCAATT-1-0,singlet
ACGGGTCAGTACACCT-1-0,singlet
ACGGGTCGTGAGGCTA-1-0,singlet
ACGTCAAGTCGGCTCA-1-0,singlet
ACTATCTAGCGGCTTC-1-0,singlet
ACTATCTAGTTACCCA-1-0,singlet
ACTATCTCATCACCCT-1-0,singlet
ACTATCTTCAACGCTA-1-0,singlet
ACTGAACCAGCTATTG-1-0,singlet
ACTGAACGTTGAGTTC-1-0,singlet
ACTGAGTAGATACACA-1-0,doublet
ACTGAGTAGCCCTAAT-1-0,singlet
ACTGAGTCAATCCAAC-1-0,singlet
ACTGAGTCACACCGAC-1-0,singlet
ACTGAGTGTAGTACCT-1-0,singlet
ACTGAGTGTCTCAACA-1-0,singlet
ACTGATGAGACCTTTG-1-0,singlet
ACTGATGCATGGTTGT-1-0,singlet
ACTGATGGTCTCCATC-1-0,singlet
ACTGCTCCAATAGCAA-1-0,singlet
ACTGCTCTCCTGCTTG-1-0,singlet
ACTGTCCCAATACGCT-1-0,singlet
ACTGTCCCAGACAAAT-1-0,singlet
ACTGTCCGTAACGACG-1-0,doublet
ACTTACTAGGCCCTTG-1-0,singlet
ACTTACTCAGACAGGT-1-0,singlet
ACTTACTGTCTCCACT-1-0,singlet
ACTTACTGTCTGCGGT-1-0,singlet
ACTTACTTCTTTAGGG-1-0,singlet
ACTTGTTAGTGGGCTA-1-0,singlet
ACTTGTTCATCCGGGT-1-0,singlet
ACTTGTTGTACCGAGA-1-0,singlet
ACTTGTTGTGATAAGT-1-0,singlet
ACTTGTTTCATGGTCA-1-0,singlet
ACTTGTTTCTGCAAGT-1-0,singlet
ACTTTCAAGACACTAA-1-0,singlet
ACTTTCAAGATGTGTA-1-0,singlet
ACTTTCACAATCTACG-1-0,singlet
ACTTTCACATCGGAAG-1-0,singlet
AGAATAGAGGCTACGA-1-0,singlet
AGAATAGCAAATTGCC-1-0,singlet
AGAATAGCAGCCTGTG-1-0,singlet
AGAATAGCATGCGCAC-1-0,singlet
AGAATAGGTCCCTACT-1-0,singlet
AGACGTTAGGCTAGCA-1-0,doublet
AGACGTTTCCTCCTAG-1-0,singlet
AGAGCGAAGAGTAAGG-1-0,singlet
AGAGCGACAATCACAC-1-0,singlet
AGAGCGACAGGGTATG-1-0,singlet
AGAGCGATCCCTTGCA-1-0,doublet
AGAGCTTAGATCGGGT-1-0,singlet
AGAGCTTCACTTCTGC-1-0,singlet
AGAGCTTTCCCTCAGT-1-0,singlet
AGAGCTTTCTGTCCGT-1-0,singlet
AGAGTGGCACCCAGTG-1-0,singlet
AGAGTGGGTCGACTGC-1-0,singlet
AGAGTGGTCACTTATC-1-0,singlet
AGATCTGAGGTGTGGT-1-0,singlet
AGATCTGCAAAGCAAT-1-0,singlet
AGATCTGCAAGGCTCC-1-0,doublet
AGATCTGGTCTTCGTC-1-0,singlet
AGATCTGGTTAGATGA-1-0,singlet
AGATCTGTCGGAAACG-1-0,singlet
AGATCTGTCGGTCTAA-1-0,doublet
AGATCTGTCTATCCTA-1-0,singlet
AGATTGCAGCGATGAC-1-0,singlet
AGATTGCAGGTTCCTA-1-0,singlet
AGATTGCGTCGACTGC-1-0,doublet
AGCAGCCAGTACGATA-1-0,singlet
AGCAGCCGTTGTACAC-1-0,singlet
AGCATACCAGCGTAAG-1-0,singlet
AGCATACGTTAGGGTG-1-0,singlet
AGCCTAAAGCTGTCTA-1-0,singlet
AGCGGTCAGCAACGGT-1-0,singlet
AGCGGTCAGGAATGGA-1-0,singlet
AGCGGTCTCATTATCC-1-0,doublet
AGCGTATCAGCCAGAA-1-0,singlet
AGCGTCGGTAGAAAGG-1-0,singlet
AGCTCCTAGCGTCTAT-1-0,singlet
AGCTCCTAGGTTCCTA-1-0,singlet
AGCTCCTCAATGTAAG-1-0,singlet
AGCTCCTTCCCTTGCA-1-0,negative
AGCTCTCAGCCAGTTT-1-0,singlet
AGCTCTCAGCCATCGC-1-0,singlet
AGCTCTCCACAGGTTT-1-0,singlet
AGCTCTCTCAACGCTA-1-0,singlet
AGCTTGACACGGTAGA-1-0,singlet
AGGCCACAGCTGGAAC-1-0,doublet
AGGCCACCAAGGACTG-1-0,singlet
AGGCCGTAGGCCGAAT-1-0,singlet
AGGCCGTCACCTGGTG-1-0,singlet
AGGCCGTGTCCAGTTA-1-0,singlet
AGGCCGTGTCGTCTTC-1-0,singlet
AGGCCGTTCACGACTA-1-0,singlet
AGGGAGTGTCGCGGTT-1-0,singlet
AGGGAGTGTGTAATGA-1-0,singlet
AGGGAGTTCTCGCTTG-1-0,singlet
AGGGAGTTCTTCTGGC-1-0,singlet
AGGGATGAGCCAGGAT-1-0,singlet
AGGGATGGTCATGCCG-1-0,singlet
AGGGTGAAGCGATGAC-1-0,singlet
AGGGTGAAGCGCTCCA-1-0,doublet
AGGGTGACACAGGTTT-1-0,singlet
AGGGTGACACTAAGTC-1-0,singlet
AGGGTGAGTAACGTTC-1-0,singlet
AGGTCATAGAATCTCC-1-0,singlet
AGGTCATGTCAAAGCG-1-0,singlet
AGGTCATGTGGTACAG-1-0,singlet
AGGTCATTCCCAGGTG-1-0,singlet
AGGTCCGCAGTAACGG-1-0,singlet
AGTAGTCTCGGAGGTA-1-0,singlet
AGTCTTTAGCGGATCA-1-0,singlet
AGTCTTTTCACGACTA-1-0,singlet
AGTCTTTTCAGGCCCA-1-0,singlet
AGTCTTTTCCGAGCCA-1-0,singlet
AGTGAGGGTCGACTGC-1-0,singlet
AGTGAGGTCAACGAAA-1-0,singlet
AGTGAGGTCTCAAACG-1-0,doublet
AGTGGGACAAGCCGCT-1-0,singlet
AGTGGGATCACCGGGT-1-0,singlet
AGTGTCACATATGAGA-1-0,singlet
AGTTGGTCAGTTAACC-1-0,singlet
AGTTGGTCATGACGGA-1-0,singlet
AGTTGGTGTGACCAAG-1-0,singlet
AGTTGGTGTGGTCTCG-1-0,singlet
AGTTGGTTCTGCAGTA-1-0,singlet
ATAACGCCAAACGCGA-1-0,singlet
ATAACGCCAGGACCCT-1-0,singlet
ATAACGCCATTAGCCA-1-0,singlet
ATAACGCGTCCTCTTG-1-0,singlet
ATAACGCTCGCAAACT-1-0,doublet
ATAAGAGAGCCGCCTA-1-0,singlet
ATAAGAGTCTATCCCG-1-0,singlet
ATAGACCAGCTGCAAG-1-0,singlet
ATAGACCAGTGAACGC-1-0,doublet
ATAGACCCACAGATTC-1-0,singlet
ATAGACCCACTTAAGC-1-0,singlet
ATAGACCGTCATACTG-1-0,singlet
ATCACGAGTCAATACC-1-0,doublet
ATCACGATCAGCTGGC-1-0,doublet
ATCATCTAGGCACATG-1-0,singlet
ATCATCTCAGTCAGAG-1-0,doublet
ATCATCTGTTTGTGTG-1-0,singlet
ATCATCTTCACTTATC-1-0,singlet
ATCATGGAGTGTACGG-1-0,doublet
ATCATGGCAGACAAAT-1-0,singlet
ATCATGGCAGTCTTCC-1-0,singlet
ATCATGGGTAGCTAAA-1-0,singlet
ATCATGGTCCCTTGCA-1-0,singlet
ATCCACCAGGATGGTC-1-0,singlet
ATCCACCCATACCATG-1-0,singlet
ATCCACCGTATCAGTC-1-0,singlet
ATCCACCTCGTCGTTC-1-0,singlet
ATCCGAAAGAATGTTG-1-0,singlet
ATCCGAACATCTCGCT-1-0,singlet
ATCCGAAGTCGACTGC-1-0,singlet
ATCCGAATCATCGATG-1-0,singlet
ATCCGAATCGCATGAT-1-0,singlet
ATCCGAATCTAACTTC-1-0,singlet
ATCGAGTAGTCGTTTG-1-0,singlet
ATCGAGTCAGATAATG-1-0,singlet
ATCGAGTGTAGGACAC-1-0,singlet
ATCGAGTGTGTAATGA-1-0,singlet
ATCGAGTTCAGATAAG-1-0,singlet
ATCGAGTTCGAACGGA-1-0,singlet
ATCTACTAGCAGCGTA-1-0,singlet
ATCTACTGTGTTTGTG-1-0,singlet
ATCTACTTCCAACCAA-1-0,singlet
ATCTACTTCGGTGTTA-1-0,singlet
ATCTACTTCGGTTCGG-1-0,singlet
ATCTGCCGTGTCCTCT-1-0,doublet
ATCTGCCTCAAGGCTT-1-0,singlet
ATCTGCCTCAGAAATG-1-0,singlet
ATGAGGGTCATGTGGT-1-0,singlet
ATGAGGGTCTGTCTCG-1-0,singlet
ATGCGATAGATGTCGG-1-0,singlet
ATGCGATTCAACACTG-1-0,singlet
ATGCGATTCACAGTAC-1-0,singlet
ATGCGATTCTCAAACG-1-0,singlet
ATGGGAGAGGTTCCTA-1-0,doublet
ATGGGAGCAGGTCGTC-1-0,singlet
ATGGGAGGTAGTAGTA-1-0,singlet
ATGGGAGGTCATTAGC-1-0,singlet
ATGTGTGGTGATAAGT-1-0,singlet
ATTACTCCAGCTGCTG-1-0,doublet
ATTACTCGTGTGTGCC-1-0,singlet
ATTACTCTCCAGAAGG-1-0,singlet
ATTATCCCAAAGCGGT-1-0,doublet
ATTATCCCACTGTGTA-1-0,singlet
ATTATCCGTCTAGGTT-1-0,singlet
ATTATCCGTTAAGGGC-1-0,singlet
ATTATCCTCGGCATCG-1-0,singlet
ATTCTACAGCAAATCA-1-0,singlet
ATTCTACAGGATGGAA-1-0,singlet
ATTCTACGTATAGTAG-1-0,singlet
ATTCTACGTCCAAGTT-1-0,singlet
ATTCTACGTCCATGAT-1-0,singlet
ATTCTACGTGAGTATA-1-0,singlet
ATTCTACTCGGACAAG-1-0,doublet
ATTGGACAGTGGGCTA-1-0,singlet
ATTGGACCACCCTATC-1-0,singlet
ATTGGACCAGATGGCA-1-0,singlet
ATTGGACCATCTCGCT-1-0,singlet
ATTGGACGTACATCCA-1-0,singlet
ATTGGACGTATCTGCA-1-0,singlet
ATTGGACGTCTAACGT-1-0,singlet
ATTGGACTCTGTCAAG-1-0,singlet
ATTGGTGCAATCCAAC-1-0,singlet
ATTGGTGCACGGCCAT-1-0,singlet
ATTGGTGCAGTGGGAT-1-0,singlet
ATTGGTGGTGCTTCTC-1-0,singlet
CAACCAAAGATCCCGC-1-0,singlet
CAACCAATCAGTTCGA-1-0,singlet
CAACCAATCGCATGGC-1-0,singlet
CAACCTCAGGCTATCT-1-0,singlet
CAACCTCCATGAAGTA-1-0,singlet
CAACCTCTCCAACCAA-1-0,singlet
CAACCTCTCCGTTGCT-1-0,singlet
CAACCTCTCTAGAGTC-1-0,singlet
CAACTAGAGAAACCAT-1-0,singlet
CAACTAGGTTGGTAAA-1-0,singlet
CAACTAGTCCCAGGTG-1-0,doublet
CAACTAGTCGCCTGAG-1-0,singlet
CAAGAAAAGACTGTAA-1-0,singlet
CAAGAAAAGTGTTTGC-1-0,singlet
CAAGAAAGTACCGAGA-1-0,singlet
CAAGAAAGTAGTGAAT-1-0,singlet
CAAGAAATCGCATGAT-1-0,singlet
CAAGAAATCTGCGACG-1-0,singlet
CAAGATCAGTACCGGA-1-0,doublet
CAAGGCCAGAGACGAA-1-0,singlet
CAAGGCCTCATTATCC-1-0,singlet
CAAGTTGCAGCCTTGG-1-0,singlet
CAAGTTGCATGCCACG-1-0,singlet
CAAGTTGTCAGGCCCA-1-0,singlet
CAAGTTGTCTCCAGGG-1-0,singlet
CACAAACCAGCTTAAC-1-0,singlet
CACAAACTCCCAGGTG-1-0,singlet
CACACAAAGGTCGGAT-1-0,singlet
CACACAAAGTGAAGTT-1-0,singlet
CACACAACACCACCAG-1-0,singlet
CACACAACATACGCCG-1-0,singlet
CACACAAGTTCGAATC-1-0,singlet
CACACAATCTCATTCA-1-0,singlet
CACACCTCACTGCCAG-1-0,singlet
CACACCTCAGGGTACA-1-0,singlet
CACACCTGTCATCGGC-1-0,singlet
CACACCTGTGGGTATG-1-0,singlet
CACACCTTCCCAACGG-1-0,singlet
CACACTCAGAAACCTA-1-0,singlet
CACACTCAGAATCTCC-1-0,doublet
CACACTCAGGCCCTCA-1-0,singlet
CACACTCCAGTGAGTG-1-0,singlet
CACAGGCAGCTGAACG-1-0,singlet
CACAGGCAGTGCTGCC-1-0,singlet
CACAGGCCAGCGTTCG-1-0,singlet
CACAGGCGTGCAGTAG-1-0,singlet
CACAGGCTCACTCCTG-1-0,singlet
CACAGGCTCCTCAATT-1-0,doublet
CACAGGCTCTAACTCT-1-0,singlet
CACAGTAAGAAACGAG-1-0,singlet
CACAGTAAGAACAATC-1-0,doublet
CACAGTAAGCCACGTC-1-0,doublet
CACAGTACAATGCCAT-1-0,singlet
CACAGTACAGCCTTGG-1-0,singlet
CACAGTAGTCAAACTC-1-0,singlet
CACAGTATCAGTGCAT-1-0,singlet
CACAGTATCTTGGGTA-1-0,singlet
CACATAGCACCAACCG-1-0,singlet
CACATAGGTCTCTTTA-1-0,singlet
CACATAGGTTTGACAC-1-0,singlet
CACATAGTCTTAGCCC-1-0,singlet
CACATTTAGATATGGT-1-0,singlet
CACATTTCACAGCGTC-1-0,singlet
CACATTTCACATTTCT-1-0,singlet
CACATTTCAGCTTAAC-1-0,singlet
CACATTTCATGTCTCC-1-0,singlet
CACATTTGTCCGCTGA-1-0,doublet
CACCACTTCGAACTGT-1-0,singlet
CACCAGGAGATCCCGC-1-0,singlet
CACCAGGAGTGAACGC-1-0,singlet
CACCTTGAGCGGATCA-1-0,singlet
CACCTTGGTCACTGGC-1-0,singlet
CACCTTGTCGTTTGCC-1-0,singlet
CACTCCAGTCCTGCTT-1-0,singlet
CAGAATCAGGTGCACA-1-0,singlet
CAGAATCCATCACAAC-1-0,singlet
CAGAATCTCTCGCATC-1-0,singlet
CAGAATCTCTGCGACG-1-0,singlet
CAGAGAGCAATGTAAG-1-0,singlet
CAGAGAGCATGGTAGG-1-0,singlet
CAGAGAGGTCATCCCT-1-0,singlet
CAGATCAAGCAGCGTA-1-0,singlet
CAGATCAAGGTAGCCA-1-0,singlet
CAGATCAGTTAGATGA-1-0,singlet
CAGCAGCCACCGTTGG-1-0,singlet
CAGCAGCTCTTCGGTC-1-0,singlet
CAGCATATCGGAGGTA-1-0,singlet
CAGCCGACAATCCGAT-1-0,singlet
CAGCCGACATCTATGG-1-0,singlet
CAGCCGAGTTATTCTC-1-0,doublet
CAGCGACTCGGCTACG-1-0,singlet
CAGCTAAAGACTGGGT-1-0,singlet
CAGCTAAAGATCCCAT-1-0,doublet
CAGCTAACAAGTTAAG-1-0,singlet
CAGCTAACAATTGCTG-1-0,doublet
CAGCTAAGTTAAGGGC-1-0,doublet
CAGCTAATCATTGCGA-1-0,singlet
CAGCTAATCCGATATG-1-0,singlet
CAGCTAATCGTAGATC-1-0,singlet
CAGCTGGCATATACGC-1-0,singlet
CAGCTGGCATTCACTT-1-0,singlet
CAGCTGGGTCCATCCT-1-0,singlet
CAGGTGCAGCGTAGTG-1-0,singlet
CAGGTGCCAGACAGGT-1-0,singlet
CAGGTGCTCAAACCAC-1-0,singlet
CAGTAACCATTGCGGC-1-0,singlet
CAGTAACGTCTCATCC-1-0,doublet
CAGTAACTCAACCAAC-1-0,singlet
CAGTCCTAGACTTGAA-1-0,singlet
CAGTCCTCACAGGAGT-1-0,singlet
CAGTCCTTCATGCTCC-1-0,singlet
CAGTCCTTCGTTACAG-1-0,singlet
CATATGGGTCTAGAGG-1-0,singlet
CATATTCCAAGAGTCG-1-0,doublet
CATATTCGTCGCGGTT-1-0,singlet
CATATTCGTCTTGATG-1-0,singlet
CATCAAGCAATAGCGG-1-0,singlet
CATCAAGGTCGCTTTC-1-0,singlet
CATCAAGGTCTCTTTA-1-0,singlet
CATCAGAAGGATCGCA-1-0,singlet
CATCAGAGTAGCGCAA-1-0,singlet
CATCAGAGTCAGTGGA-1-0,singlet
CATCAGAGTCCAACTA-1-0,doublet
CATCCACAGACAGGCT-1-0,singlet
CATCCACAGCGAAGGG-1-0,singlet
CATCCACAGGACGAAA-1-0,singlet
CATCCACCATCGATGT-1-0,singlet
CATCCACGTATAGGTA-1-0,doublet
CATCCACTCACCTTAT-1-0,singlet
CATCCACTCGCATGGC-1-0,singlet
CATCGAAAGATGTTAG-1-0,singlet
CATCGAAAGTGGTCCC-1-0,singlet
CATCGAACAAAGTGCG-1-0,singlet
CATCGAATCCGTTGTC-1-0,doublet
CATCGAATCTCCAGGG-1-0,singlet
CATCGGGGTGCACGAA-1-0,singlet
CATCGGGTCACAGGCC-1-0,singlet
CATCGGGTCCAAACTG-1-0,singlet
CATCGGGTCTGGAGCC-1-0,singlet
CATCGGGTCTTAGCCC-1-0,singlet
CATGACAAGACTGTAA-1-0,singlet
CATGACAAGGATGTAT-1-0,singlet
CATGACAGTAACGTTC-1-0,singlet
CATGACAGTCGCTTCT-1-0,singlet
CATGACAGTCTTCGTC-1-0,singlet
CATGCCTAGAATAGGG-1-0,singlet
CATGCCTAGGCATGGT-1-0,singlet
CATGCCTAGTTGAGTA-1-0,singlet
CATGCCTGTCTGATTG-1-0,singlet
CATGGCGCATGACGGA-1-0,doublet
CATTATCAGTCACGCC-1-0,singlet
CATTATCGTGTCTGAT-1-0,singlet
CATTATCTCAGGTAAA-1-0,doublet
CATTCGCAGATATGCA-1-0,singlet
CATTCGCAGGCTACGA-1-0,singlet
CATTCGCCAAGACGTG-1-0,singlet
CCAATCCCAAAGGCGT-1-0,singlet
CCAATCCCAGATTGCT-1-0,singlet
CCAATCCCAGCATACT-1-0,singlet
CCAATCCGTTCCACGG-1-0,singlet
CCAATCCTCACCCGAG-1-0,doublet
CCAATCCTCTTAGAGC-1-0,singlet
CCACCTACAGTGGAGT-1-0,doublet
CCACCTAGTACCGTTA-1-0,singlet
CCACCTAGTGCAGACA-1-0,singlet
CCACGGAAGACTGGGT-1-0,singlet
CCACGGAAGGACAGCT-1-0,singlet
CCACGGACATCGGAAG-1-0,singlet
CCACGGACATGACATC-1-0,doublet
CCACTACAGTGACTCT-1-0,singlet
CCACTACGTGGACGAT-1-0,singlet
CCACTACTCCTGCAGG-1-0,singlet
CCAGCGAAGTCGTTTG-1-0,singlet
CCAGCGACAATAGCAA-1-0,singlet
CCAGCGACATTCTCAT-1-0,singlet
CCAGCGAGTGTGACCC-1-0,singlet
CCAGCGATCACAGTAC-1-0,singlet
CCATGTCAGGCGACAT-1-0,singlet
CCATGTCAGTAATCCC-1-0,doublet
CCATGTCAGTCAATAG-1-0,singlet
CCATGTCCATTGAGCT-1-0,singlet
CCATGTCTCAGTTAGC-1-0,singlet
CCATTCGGTGAGGCTA-1-0,doublet
CCATTCGTCACATAGC-1-0,singlet
CCATTCGTCACCCTCA-1-0,singlet
CCATTCGTCAGTCAGT-1-0,singlet
CCCAATCAGTAGCCGA-1-0,singlet
CCCAATCTCCTGTACC-1-0,singlet
CCCAATCTCTGCAGTA-1-0,singlet
CCCAGTTAGGGTGTGT-1-0,singlet
CCCAGTTCAGCTCGCA-1-0,doublet
CCCAGTTGTATTACCG-1-0,singlet
CCCAGTTTCTGGCGTG-1-0,singlet
CCCATACTCCATGCTC-1-0,singlet
CCCATACTCGTACCGG-1-0,doublet
CCCTCCTTCCCTTGCA-1-0,singlet
CCGGGATAGTGTTAGA-1-0,singlet
CCGGGATCAGGGCATA-1-0,singlet
CCGGGATGTGCATCTA-1-0,singlet
CCGGGATTCATGGTCA-1-0,singlet
CCGGTAGCACTAGTAC-1-0,singlet
CCGGTAGCAGCCTGTG-1-0,doublet
CCGGTAGTCAGGTTCA-1-0,singlet
CCGTACTAGTACGATA-1-0,doublet
CCGTACTAGTCCGGTC-1-0,singlet
CCGTACTGTAAGAGAG-1-0,singlet
CCGTACTGTCACTGGC-1-0,singlet
CCGTACTGTCGCGTGT-1-0,singlet
CCGTACTTCCTACAGA-1-0,singlet
CCGTTCAAGAACTCGG-1-0,singlet
CCGTTCAAGATGCCTT-1-0,singlet
CCGTTCAAGCGTGAGT-1-0,singlet
CCGTTCAAGTGTGAAT-1-0,singlet
CCGTTCACATATACCG-1-0,singlet
CCGTTCATCACTTCAT-1-0,doublet
CCTAAAGAGCCGTCGT-1-0,singlet
CCTAAAGAGCGCCTCA-1-0,singlet
CCTAAAGGTCTCATCC-1-0,singlet
CCTACACAGAATCTCC-1-0,doublet
CCTACACAGAGGTACC-1-0,doublet
CCTACACAGAGTCGGT-1-0,singlet
CCTACACAGCTACCTA-1-0,singlet
CCTACACGTTGTTTGG-1-0,singlet
CCTACACTCGATAGAA-1-0,singlet
CCTACACTCTCTAAGG-1-0,singlet
CCTACCACATCTACGA-1-0,singlet
CCTACCAGTAGCGCAA-1-0,singlet
CCTACCATCCAATGGT-1-0,singlet
CCTAGCTAGGCATGGT-1-0,doublet
CCTAGCTCAAGGTTTC-1-0,singlet
CCTAGCTGTACAGCAG-1-0,doublet
CCTAGCTGTCACTTCC-1-0,singlet
CCTATTAAGCCAGGAT-1-0,singlet
CCTATTACACCACCAG-1-0,singlet
CCTATTAGTCGAATCT-1-0,singlet
CCTATTAGTTACGACT-1-0,singlet
CCTATTATCGTTACGA-1-0,singlet
CCTCAGTAGACTCGGA-1-0,singlet
CCTCAGTAGTGGGTTG-1-0,singlet
CCTCAGTCAGACTCGC-1-0,singlet
CCTCAGTCAGCCTTTC-1-0,singlet
CCTCAGTGTCCAGTGC-1-0,singlet
CCTCAGTTCGCAAGCC-1-0,singlet
CCTCTGAAGAAGAAGC-1-0,doublet
CCTCTGACAAAGGAAG-1-0,singlet
CCTCTGACAAGGTTTC-1-0,singlet
CCTTACGAGGCTAGCA-1-0,doublet
CCTTACGAGTTTCCTT-1-0,singlet
CCTTCCCAGACAAGCC-1-0,singlet
CCTTCCCAGCACGCCT-1-0,singlet
CCTTCCCAGTTACCCA-1-0,singlet
CCTTCCCCAGACAAGC-1-0,singlet
CCTTCCCGTCAACTGT-1-0,singlet
CCTTCCCTCAACACAC-1-0,doublet
CCTTCCCTCCACTGGG-1-0,singlet
CCTTCCCTCGGAGGTA-1-0,singlet
CCTTCGAAGTGGGCTA-1-0,singlet
CCTTCGACAACCGCCA-1-0,singlet
CCTTCGATCATGCATG-1-0,doublet
CCTTTCTAGTGTACCT-1-0,singlet
CCTTTCTCACAGCGTC-1-0,singlet
CCTTTCTCAGATGAGC-1-0,singlet
CCTTTCTTCGAGCCCA-1-0,singlet
CCTTTCTTCGGACAAG-1-0,singlet
CGAACATCACATAACC-1-0,singlet
CGAACATTCGGTTAAC-1-0,singlet
CGAATGTAGAAACGAG-1-0,singlet
CGAATGTAGAAGGGTA-1-0,singlet
CGAATGTAGTCATGCT-1-0,singlet
CGAATGTCAGGGTATG-1-0,singlet
CGACCTTCAGCATACT-1-0,singlet
CGACCTTGTCAATACC-1-0,singlet
CGACCTTTCCCTAACC-1-0,singlet
CGAGAAGAGTCCGGTC-1-0,singlet
CGAGAAGAGTGAAGAG-1-0,singlet
CGAGAAGCACGTGAGA-1-0,singlet
CGAGAAGCATACCATG-1-0,singlet
CGAGCACAGTGAAGTT-1-0,singlet
CGAGCACCAAGAGTCG-1-0,singlet
CGAGCACCACATAACC-1-0,singlet
CGAGCACCACATTCGA-1-0,singlet
CGAGCACCATTTCACT-1-0,singlet
CGAGCACGTCAAACTC-1-0,singlet
CGAGCACTCAACACCA-1-0,singlet
CGAGCACTCTCTAAGG-1-0,singlet
CGAGCCACAGCTCGAC-1-0,singlet
CGAGCCAGTACAGACG-1-0,singlet
CGATCGGTCATTGCGA-1-0,singlet
CGATCGGTCGCTTAGA-1-0,singlet
CGATGGCAGCAGCGTA-1-0,singlet
CGATGGCCACCCATGG-1-0,singlet
CGATGGCGTAACGACG-1-0,doublet
CGATGTAAGCGATTCT-1-0,singlet
CGATGTAAGCTAAACA-1-0,singlet
CGATGTAAGTATTGGA-1-0,doublet
CGATTGAAGGCTAGCA-1-0,singlet
CGATTGAGTTATCGGT-1-0,singlet
CGATTGATCACCTCGT-1-0,singlet
CGCCAAGAGCTTATCG-1-0,singlet
CGCCAAGCAAAGGAAG-1-0,singlet
CGCCAAGGTGTTTGTG-1-0,singlet
CGCCAAGGTTGTACAC-1-0,singlet
CGCCAAGTCAATAAGG-1-0,singlet
CGCGGTAAGCTAGGCA-1-0,doublet
CGCGGTAAGTACATGA-1-0,singlet
CGCGGTACAAGAGTCG-1-0,singlet
CGCGGTACACGAAGCA-1-0,singlet
CGCGGTACACTGTGTA-1-0,singlet
CGCGGTACAGGCGATA-1-0,singlet
CGCGGTACATATACGC-1-0,singlet
CGCGGTAGTCTCTTAT-1-0,singlet
CGCGGTAGTCTGATTG-1-0,singlet
CGCGGTAGTGGTCTCG-1-0,singlet
CGCGTTTAGGAGCGAG-1-0,singlet
CGCGTTTCACTTAAGC-1-0,singlet
CGCGTTTCAGGAACGT-1-0,singlet
CGCGTTTTCAGCCTAA-1-0,singlet
CGCGTTTTCCCAGGTG-1-0,doublet
CGCGTTTTCTTCGAGA-1-0,singlet
CGCTATCAGCGTCTAT-1-0,singlet
CGCTATCAGGCATGTG-1-0,doublet
CGCTATCAGGGAACGG-1-0,singlet
CGCTATCGTCCCGACA-1-0,singlet
CGCTATCGTCTAGAGG-1-0,doublet
CGCTATCTCCTCATTA-1-0,doublet
CGCTGGACATGAACCT-1-0,singlet
CGCTGGATCTCCGGTT-1-0,singlet
CGCTTCAAGGGATGGG-1-0,singlet
CGCTTCACAAGTCTGT-1-0,singlet
CGCTTCACATGTTGAC-1-0,singlet
CGCTTCAGTATTCGTG-1-0,singlet
CGCTTCAGTTGGGACA-1-0,singlet
CGGACACCATTTCAGG-1-0,singlet
CGGACACGTAGCTAAA-1-0,singlet
CGGACACGTGCCTGCA-1-0,singlet
CGGACACTCCCTGACT-1-0,singlet
CGGACACTCGGCTACG-1-0,singlet
CGGACGTCACCACCAG-1-0,singlet
CGGACGTGTAGATTAG-1-0,singlet
CGGACGTGTTCTGTTT-1-0,singlet
CGGACGTTCCTTGCCA-1-0,doublet
CGGACTGAGGTAGCTG-1-0,singlet
CGGACTGAGTACCGGA-1-0,singlet
CGGACTGCAAAGGAAG-1-0,singlet
CGGACTGCAGCGTCCA-1-0,doublet
CGGACTGGTACGAAAT-1-0,singlet
CGGACTGGTGATGTGG-1-0,singlet
CGGACTGTCATGCAAC-1-0,singlet
CGGACTGTCCAAATGC-1-0,singlet
CGGAGCTAGGTGATAT-1-0,singlet
CGGAGCTCAACACGCC-1-0,singlet
CGGAGTCAGGAGCGTT-1-0,singlet
CGGAGTCCAACTGCTA-1-0,doublet
CGGAGTCCATAGTAAG-1-0,singlet
CGGAGTCGTGCAGTAG-1-0,singlet
CGGAGTCGTTCCGTCT-1-0,singlet
CGGAGTCTCCAGAAGG-1-0,singlet
CGGAGTCTCGTGTAGT-1-0,singlet
CGGCTAGAGTACGATA-1-0,singlet
CGGCTAGAGTGGCACA-1-0,singlet
CGGCTAGTCACTTCAT-1-0,singlet
CGGCTAGTCAGAGCTT-1-0,singlet
CGGGTCAGTGCTCTTC-1-0,singlet
CGGTTAAGTAGTACCT-1-0,singlet
CGGTTAAGTCTCAACA-1-0,singlet
CGGTTAATCCTAGAAC-1-0,singlet
CGTAGCGCACGCGAAA-1-0,singlet
CGTAGCGGTTATCACG-1-0,doublet
CGTAGCGTCAGGCAAG-1-0,singlet
CGTAGGCAGACTTTCG-1-0,singlet
CGTAGGCAGTACGCGA-1-0,singlet
CGTAGGCGTAAGGGAA-1-0,singlet
CGTAGGCGTGTTCTTT-1-0,singlet
CGTAGGCTCAAACGGG-1-0,singlet
CGTAGGCTCAGCGATT-1-0,singlet
CGTCACTCAGGAATGC-1-0,singlet
CGTCACTTCAGCTTAG-1-0,singlet
CGTCACTTCTAACTTC-1-0,singlet
CGTCAGGTCCTTGCCA-1-0,singlet
CGTCCATCAGTATGCT-1-0,singlet
CGTCCATGTAGAAGGA-1-0,doublet
CGTCCATGTGGTCCGT-1-0,singlet
CGTCCATGTGTTTGTG-1-0,singlet
CGTCCATTCCGCGGTA-1-0,singlet
CGTCCATTCCGGGTGT-1-0,singlet
CGTCCATTCGGCGGTT-1-0,singlet
CGTCTACAGAGGTACC-1-0,singlet
CGTCTACAGTACACCT-1-0,singlet
CGTCTACCACAACTGT-1-0,singlet
CGTCTACGTGGCTCCA-1-0,singlet
CGTCTACTCCACGAAT-1-0,singlet
CGTGAGCAGGCTCAGA-1-0,negative
CGTGAGCGTCACACGC-1-0,singlet
CGTGTAAAGCAGCCTC-1-0,singlet
CGTGTAACACTGTTAG-1-0,doublet
CGTGTCTGTGAGTATA-1-0,singlet
CGTGTCTGTTCCACGG-1-0,singlet
CGTTAGACAAGTACCT-1-0,singlet
CGTTAGATCCATGAGT-1-0,singlet
CGTTCTGAGGGTTTCT-1-0,singlet
CGTTCTGGTTACTGAC-1-0,singlet
CGTTCTGTCTCGTATT-1-0,singlet
CGTTGGGCAAGCCATT-1-0,doublet
CGTTGGGCAGTACACT-1-0,singlet
CGTTGGGCATGCTGGC-1-0,doublet
CGTTGGGGTGACTACT-1-0,singlet
CTAACTTAGCCCTAAT-1-0,singlet
CTAACTTCACCGAAAG-1-0,doublet
CTAAGACGTTTAGCTG-1-0,singlet
CTAAGACTCACCGTAA-1-0,doublet
CTAAGACTCATTCACT-1-0,singlet
CTAAGACTCTGCGTAA-1-0,singlet
CTAATGGAGCCAGGAT-1-0,singlet
CTAATGGAGTCAAGCG-1-0,singlet
CTAATGGGTGGTACAG-1-0,singlet
CTAATGGGTGTTGGGA-1-0,singlet
CTACACCAGAAAGTGG-1-0,singlet
CTACACCAGCTGTCTA-1-0,doublet
CTACACCAGTCAATAG-1-0,singlet
CTACACCCACATCTTT-1-0,singlet
CTACACCCACGTCAGC-1-0,singlet
CTACATTAGCCACCTG-1-0,singlet
CTACATTCAGACGCTC-1-0,singlet
CTACATTGTACGAAAT-1-0,singlet
CTACATTGTCTAGGTT-1-0,singlet
CTACGTCAGTCAAGCG-1-0,singlet
CTACGTCTCGCATGAT-1-0,singlet
CTAGAGTAGCCATCGC-1-0,singlet
CTAGAGTAGTTACGGG-1-0,singlet
CTAGAGTGTCTTGCGG-1-0,singlet
CTAGAGTTCATTCACT-1-0,singlet
CTAGCCTAGATATGCA-1-0,singlet
CTAGCCTCAAGGGTCA-1-0,negative
CTAGCCTCAGAAGCAC-1-0,singlet
CTAGCCTCATTCTCAT-1-0,doublet
CTAGTGAGTATTAGCC-1-0,singlet
CTAGTGAGTTCACGGC-1-0,singlet
CTCACACAGCGTAATA-1-0,singlet
CTCACACCAATCCAAC-1-0,singlet
CTCAGAACACTAAGTC-1-0,singlet
CTCAGAACATGCCTAA-1-0,singlet
CTCATTAAGAATAGGG-1-0,singlet
CTCATTAAGCGTTTAC-1-0,singlet
CTCATTACAGCGTCCA-1-0,doublet
CTCATTAGTGTGGTTT-1-0,doublet
CTCCTAGAGCTAAGAT-1-0,singlet
CTCCTAGCAGTACACT-1-0,singlet
CTCCTAGGTTGGTGGA-1-0,singlet
CTCGAAAAGTCAAGGC-1-0,singlet
CTCGAAACACGAGGTA-1-0,singlet
CTCGAAAGTCAGAAGC-1-0,singlet
CTCGAAATCGTGGGAA-1-0,singlet
CTCGAGGAGCGTCAAG-1-0,singlet
CTCGAGGCATACGCCG-1-0,singlet
CTCGAGGTCCTCCTAG-1-0,singlet
CTCGGAGAGCGATGAC-1-0,singlet
CTCGGAGAGCTGTTCA-1-0,singlet
CTCGGAGAGGCACATG-1-0,singlet
CTCGGAGAGTAGTGCG-1-0,singlet
CTCGGAGAGTTCGCGC-1-0,singlet
CTCGGAGCAATGAAAC-1-0,singlet
CTCGGAGGTAATCACC-1-0,singlet
CTCGGAGGTCAACATC-1-0,singlet
CTCGGAGGTGAGGGTT-1-0,doublet
CTCGGAGGTTCGTGAT-1-0,singlet
CTCGGAGTCCCTCAGT-1-0,singlet
CTCGGAGTCGCAGGCT-1-0,singlet
CTCGGGAAGTACCGGA-1-0,singlet
CTCGGGAAGTTAGGTA-1-0,singlet
CTCGGGATCAGGTTCA-1-0,singlet
CTCGGGATCATTTGGG-1-0,singlet
CTCGTACGTCAGTGGA-1-0,singlet
CTCGTACGTCGACTAT-1-0,singlet
CTCGTACTCCCTAATT-1-0,singlet
CTCGTCAAGCGATCCC-1-0,singlet
CTCGTCAAGTGCTGCC-1-0,singlet
CTCGTCACAATAACGA-1-0,singlet
CTCGTCAGTCTAGTGT-1-0,singlet
CTCGTCATCGGCCGAT-1-0,singlet
CTCTAATAGACTGGGT-1-0,singlet
CTCTAATGTACATCCA-1-0,singlet
CTCTAATTCGCTTGTC-1-0,singlet
CTCTACGAGGGTCTCC-1-0,singlet
CTCTACGAGTAATCCC-1-0,singlet
CTCTACGCACGGCGTT-1-0,singlet
CTCTACGGTATTCGTG-1-0,singlet
CTCTACGGTCGGCATC-1-0,singlet
CTCTACGGTCTGGTCG-1-0,singlet
CTCTACGTCCAGATCA-1-0,singlet
CTCTGGTGTAAGGATT-1-0,singlet
CTCTGGTGTAGAGCTG-1-0,singlet
CTCTGGTGTTGAACTC-1-0,doublet
CTGAAACTCCAAACAC-1-0,singlet
CTGAAGTAGCCCAATT-1-0,singlet
CTGAAGTCAGTCTTCC-1-0,singlet
CTGAAGTCATGCCTTC-1-0,singlet
CTGAAGTTCATCGCTC-1-0,singlet
CTGAAGTTCCTTTCGG-1-0,singlet
CTGATAGAGATATACG-1-0,singlet
CTGATAGCAGACAAAT-1-0,doublet
CTGATAGCAGTTAACC-1-0,singlet
CTGATAGGTCTGCGGT-1-0,singlet
CTGATAGTCTGCAAGT-1-0,singlet
CTGATCCCAGTTCCCT-1-0,singlet
CTGATCCTCCCAAGAT-1-0,singlet
CTGCCTACAGGTGCCT-1-0,singlet
CTGCCTATCTCATTCA-1-0,singlet
CTGCCTATCTGCTTGC-1-0,singlet
CTGCGGAAGATGGCGT-1-0,singlet
CTGCGGAAGTGACTCT-1-0,singlet
CTGCGGACATCTGGTA-1-0,singlet
CTGCGGAGTATTAGCC-1-0,singlet
CTGCGGATCTTGTACT-1-0,doublet
CTGCTGTAGGTAGCCA-1-0,singlet
CTGCTGTCATTGGGCC-1-0,singlet
CTGCTGTTCTAACCGA-1-0,singlet
CTGCTGTTCTTGTATC-1-0,singlet
CTGGTCTAGGCCATAG-1-0,singlet
CTGGTCTCAATGTTGC-1-0,singlet
CTGGTCTCAGATGGCA-1-0,singlet
CTGGTCTCAGGAATGC-1-0,singlet
CTGTGCTCAAGTAGTA-1-0,singlet
CTGTGCTGTCATGCCG-1-0,singlet
CTGTGCTGTGCACCAC-1-0,doublet
CTGTGCTTCATCGCTC-1-0,singlet
CTGTTTAAGCCAGAAC-1-0,singlet
CTGTTTACACCCTATC-1-0,singlet
CTGTTTACAGAGCCAA-1-0,singlet
CTGTTTAGTGCACCAC-1-0,singlet
CTGTTTAGTGCGAAAC-1-0,singlet
CTGTTTATCTCGATGA-1-0,singlet
CTTAACTCACAGGAGT-1-0,singlet
CTTAACTTCGGTTAAC-1-0,singlet
CTTACCGAGTACGCGA-1-0,singlet
CTTACCGCAAAGCAAT-1-0,doublet
CTTACCGGTTCCAACA-1-0,singlet
CTTAGGAGTACCGCTG-1-0,singlet
CTTAGGAGTATATCCG-1-0,singlet
CTTAGGATCGGCTACG-1-0,singlet
CTTCTCTGTACAAGTA-1-0,singlet
CTTCTCTGTCGAAAGC-1-0,singlet
CTTCTCTTCAGCACAT-1-0,singlet
CTTGGCTCACCAACCG-1-0,singlet
CTTTGCGCAGATAATG-1-0,doublet
CTTTGCGGTGTGAATA-1-0,singlet
CTTTGCGGTTGCGTTA-1-0,doublet
GAAACTCAGAGCAATT-1-0,singlet
GAAACTCAGCTGAACG-1-0,singlet
GAAACTCAGGCGACAT-1-0,doublet
GAAACTCGTACGAAAT-1-0,singlet
GAAATGAAGGCAGTCA-1-0,negative
GAAATGAAGTCATCCA-1-0,singlet
GAAATGACAGCTGTTA-1-0,singlet
GAAATGAGTGTAAGTA-1-0,singlet
GAACATCCACGTAAGG-1-0,singlet
GAACATCGTACACCGC-1-0,singlet
GAACATCGTACCGCTG-1-0,singlet
GAACATCGTTAGATGA-1-0,singlet
GAACCTACACACAGAG-1-0,singlet
GAACCTACAGTAACGG-1-0,doublet
GAACGGAAGCCCGAAA-1-0,singlet
GAACGGACATGACGGA-1-0,singlet
GAACGGAGTTACGCGC-1-0,singlet
GAAGCAGAGTTAAGTG-1-0,singlet
GAAGCAGCAGTGAGTG-1-0,negative
GAAGCAGGTAAATGTG-1-0,singlet
GAAGCAGTCACGACTA-1-0,singlet
GAAGCAGTCAGATAAG-1-0,singlet
GAATAAGAGTGGAGAA-1-0,singlet
GAATAAGCAAGCTGTT-1-0,singlet
GAATAAGGTCGTCTTC-1-0,doublet
GAATAAGGTTTCGCTC-1-0,singlet
GAATAAGTCCGCGTTT-1-0,doublet
GAATGAAAGACGCTTT-1-0,singlet
GAATGAAGTCTAAACC-1-0,singlet
GAATGAATCGCGCCAA-1-0,singlet
GACACGCAGAGTTGGC-1-0,singlet
GACACGCAGTGGACGT-1-0,singlet
GACACGCCACCATGTA-1-0,singlet
GACACGCTCTCAAGTG-1-0,singlet
GACAGAGAGAGGTTAT-1-0,singlet
GACAGAGAGGGTATCG-1-0,doublet
GACAGAGCACTGCCAG-1-0,doublet
GACAGAGCATCAGTCA-1-0,singlet
GACAGAGCATGAACCT-1-0,singlet
GACAGAGGTACTCTCC-1-0,singlet
GACCAATAGGTCATCT-1-0,singlet
GACCAATGTGATGTCT-1-0,doublet
GACCAATTCATGCAAC-1-0,singlet
GACCAATTCGGTTAAC-1-0,singlet
GACCTGGAGCCTATGT-1-0,singlet
GACCTGGAGGAGTACC-1-0,doublet
GACCTGGAGTGACTCT-1-0,doublet
GACCTGGCAGGCGATA-1-0,singlet
GACGCGTAGCCACGTC-1-0,singlet
GACGCGTAGCGGCTTC-1-0,singlet
GACGCGTTCAGGTAAA-1-0,singlet
GACGCGTTCTTCATGT-1-0,singlet
GACGGCTAGCCAGGAT-1-0,singlet
GACGGCTAGCTGCCCA-1-0,doublet
GACGGCTAGGTGCTTT-1-0,singlet
GACGGCTCATCCGCGA-1-0,doublet
GACGTGCTCGACGGAA-1-0,singlet
GACGTTAAGTTTCCTT-1-0,singlet
GACGTTACACCCTATC-1-0,singlet
GACGTTACACGTCTCT-1-0,doublet
GACGTTACAGGGTACA-1-0,singlet
GACGTTAGTGGAAAGA-1-0,doublet
GACGTTATCCGCGTTT-1-0,singlet
GACTAACAGCCTATGT-1-0,doublet
GACTAACCATTAGCCA-1-0,singlet
GACTAACTCAACCAAC-1-0,singlet
GACTACAAGGCTAGGT-1-0,singlet
GACTACAGTTAGAACA-1-0,singlet
GACTACATCCCATTTA-1-0,singlet
GACTGCGAGAATTGTG-1-0,singlet
GACTGCGTCGCCTGAG-1-0,singlet
GACTGCGTCTCTTGAT-1-0,singlet
GAGCAGAAGAATGTTG-1-0,doublet
GAGCAGACAGTCAGCC-1-0,singlet
GAGCAGATCAGCTCTC-1-0,singlet
GAGGTGAAGTACGCCC-1-0,singlet
GAGGTGAAGTGAACAT-1-0,singlet
GAGGTGATCCTTGCCA-1-0,singlet
GAGTCCGAGTACCGGA-1-0,singlet
GAGTCCGGTCGCGAAA-1-0,singlet
GAGTCCGTCAGCTCGG-1-0,singlet
GATCAGTAGCGAAGGG-1-0,singlet
GATCAGTAGCTGAACG-1-0,singlet
GATCAGTAGTCCATAC-1-0,singlet
GATCAGTCACATAACC-1-0,singlet
GATCAGTTCTGATTCT-1-0,doublet
GATCAGTTCTTCTGGC-1-0,singlet
GATCGATAGACTGTAA-1-0,singlet
GATCGATAGAGGTTAT-1-0,doublet
GATCGATAGCGCCTTG-1-0,singlet
GATCGATAGGATCGCA-1-0,singlet
GATCGATCAGTCACTA-1-0,singlet
GATCGATCATGCCCGA-1-0,singlet
GATCGATGTTCACGGC-1-0,singlet
GATCGATTCAGGTTCA-1-0,singlet
GATCGATTCTCCCTGA-1-0,singlet
GATCGATTCTCGCATC-1-0,doublet
GATCGCGAGACTGGGT-1-0,singlet
GATCGCGAGGCGATAC-1-0,singlet
GATCGTAAGAGCTTCT-1-0,singlet
GATCGTAAGTACGCCC-1-0,singlet
GATCGTAAGTGCCATT-1-0,singlet
GATCGTACAAGCCCAC-1-0,singlet
GATCGTACACGGCCAT-1-0,singlet
GATCGTAGTCGTGGCT-1-0,singlet
GATCGTAGTTGATTCG-1-0,singlet
GATCGTAGTTGGAGGT-1-0,singlet
GATCGTAGTTGTCTTT-1-0,singlet
GATCGTATCAGTTCGA-1-0,singlet
GATCGTATCCAGAGGA-1-0,singlet
GATCGTATCGGAAACG-1-0,singlet
GATCGTATCTCGCTTG-1-0,singlet
GATCGTATCTGTTGAG-1-0,singlet
GATCTAGTCTACGAGT-1-0,singlet
GATGAAAGTCCGACGT-1-0,singlet
GATGAGGGTAGGGACT-1-0,singlet
GATGAGGGTGTGAATA-1-0,singlet
GATGAGGGTTATGTGC-1-0,doublet
GATGCTAGTCTAGCCG-1-0,singlet
GATTCAGCAGTCTTCC-1-0,singlet
GATTCAGGTCGATTGT-1-0,singlet
GATTCAGGTTGTCGCG-1-0,singlet
GATTCAGTCTGTGCAA-1-0,singlet
GCAAACTCAGTCGTGC-1-0,singlet
GCAAACTCATCGGAAG-1-0,singlet
GCAAACTGTTCAGGCC-1-0,singlet
GCAATCACAAGGACAC-1-0,singlet
GCAATCACAGCTATTG-1-0,singlet
GCAATCAGTTCTGTTT-1-0,doublet
GCAATCATCGGTGTTA-1-0,singlet
GCACATAAGAAGGCCT-1-0,singlet
GCACATAAGCCGTCGT-1-0,singlet
GCACTCTAGTGATCGG-1-0,singlet
GCACTCTCACGCCAGT-1-0,singlet
GCACTCTCACTGTCGG-1-0,singlet
GCACTCTGTGCATCTA-1-0,singlet
GCACTCTGTGCCTGGT-1-0,singlet
GCAGCCATCGACCAGC-1-0,singlet
GCAGTTACAAGTAATG-1-0,singlet
GCAGTTATCAGGCAAG-1-0,singlet
GCAGTTATCCTTTCGG-1-0,singlet
GCAGTTATCTGCGTAA-1-0,singlet
GCAGTTATCTGCTTGC-1-0,singlet
GCATACACAAGTAATG-1-0,singlet
GCATACACAATGGATA-1-0,singlet
GCATACACAGCCTTTC-1-0,singlet
GCATGCGAGAGCCCAA-1-0,singlet
GCATGCGCAAACTGCT-1-0,doublet
GCATGCGCAAGCCATT-1-0,singlet
GCATGCGCAGATCCAT-1-0,singlet
GCATGCGGTAGCCTAT-1-0,singlet
GCATGCGGTGAGGGAG-1-0,singlet
GCATGTAAGTACTTGC-1-0,singlet
GCATGTACATCCTAGA-1-0,singlet
GCCAAATGTGTGACCC-1-0,singlet
GCCTCTAAGGTAAACT-1-0,singlet
GCCTCTACACCTATCC-1-0,singlet
GCCTCTACACGTCTCT-1-0,singlet
GCCTCTAGTGCTTCTC-1-0,doublet
GCCTCTATCACAAACC-1-0,singlet
GCCTCTATCGCGTTTC-1-0,singlet
GCGACCAAGCTGCGAA-1-0,singlet
GCGACCATCTGCTGTC-1-0,doublet
GCGAGAACACCCATTC-1-0,singlet
GCGAGAATCAACACCA-1-0,singlet
GCGAGAATCCTCAATT-1-0,singlet
GCGCAACTCGGAAATA-1-0,singlet
GCGCAGTAGCTGTCTA-1-0,singlet
GCGCAGTAGGCTAGAC-1-0,singlet
GCGCAGTCAAGTTAAG-1-0,singlet
GCGCAGTGTGTTGAGG-1-0,singlet
GCGCAGTTCAAACCAC-1-0,doublet
GCGCAGTTCAAACCGT-1-0,singlet
GCGCCAAAGAGTAATC-1-0,singlet
GCGCCAACAGACAAAT-1-0,singlet
GCGCCAACAGACGCTC-1-0,singlet
GCGCGATGTCTAGGTT-1-0,singlet
GCGCGATTCAATACCG-1-0,singlet
GCGCGATTCACAATGC-1-0,singlet
GCGCGATTCCCGACTT-1-0,singlet
GCGCGATTCTAACTGG-1-0,singlet
GCGGGTTGTATAGGTA-1-0,singlet
GCGGGTTGTGCAGGTA-1-0,negative
GCTCTGTGTTCGTTGA-1-0,singlet
GCTGCAGAGGGTATCG-1-0,doublet
GCTGCAGAGTAGCGGT-1-0,doublet
GCTGCAGCAAGGTTTC-1-0,singlet
GCTGCAGGTAGGACAC-1-0,singlet
GCTGCAGTCGGCTTGG-1-0,singlet
GCTGCGAGTGCCTGCA-1-0,singlet
GCTGCTTAGAAACGCC-1-0,singlet
GCTGCTTAGTCCTCCT-1-0,singlet
GCTGCTTCAGCTGGCT-1-0,singlet
GCTGCTTCATGGTTGT-1-0,singlet
GCTGCTTGTAGTGAAT-1-0,singlet
GCTGCTTGTGTTAAGA-1-0,singlet
GCTGCTTTCTCATTCA-1-0,singlet
GCTGCTTTCTGATACG-1-0,singlet
GCTGGGTAGATGGCGT-1-0,singlet
GCTGGGTCACGGACAA-1-0,doublet
GCTGGGTCATCAGTCA-1-0,singlet
GCTGGGTCATTGCGGC-1-0,singlet
GCTGGGTGTCAAAGAT-1-0,doublet
GCTGGGTTCCGAATGT-1-0,negative
GCTTCCATCAATACCG-1-0,singlet
GCTTCCATCTGGAGCC-1-0,singlet
GCTTGAAAGCGATAGC-1-0,singlet
GCTTGAACACGCCAGT-1-0,singlet
GCTTGAAGTCTAACGT-1-0,singlet
GCTTGAAGTTGTGGAG-1-0,singlet
GGAAAGCAGATGTTAG-1-0,singlet
GGAAAGCAGGAGTTGC-1-0,singlet
GGAAAGCCATAGGATA-1-0,singlet
GGAAAGCTCACGAAGG-1-0,singlet
GGAAAGCTCCGCGTTT-1-0,singlet
GGAAAGCTCGAATGGG-1-0,doublet
GGAACTTAGACTACAA-1-0,singlet
GGAACTTAGCCCAATT-1-0,singlet
GGAACTTGTCAAACTC-1-0,singlet
GGAACTTTCCACGTTC-1-0,singlet
GGAACTTTCCCATTAT-1-0,singlet
GGAATAATCAAACCAC-1-0,singlet
GGACAAGAGGCAATTA-1-0,singlet
GGACAAGCATGGATGG-1-0,singlet
GGACAAGGTCAGATAA-1-0,singlet
GGACAGAAGTCAAGGC-1-0,singlet
GGACAGAGTACCGCTG-1-0,doublet
GGACATTAGCGAAGGG-1-0,singlet
GGACATTAGTCGATAA-1-0,singlet
GGACATTCACTCGACG-1-0,doublet
GGACATTCAGTATCTG-1-0,singlet
GGACATTCATCCGTGG-1-0,singlet
GGACATTGTGTGCGTC-1-0,singlet
GGACATTTCAGCGATT-1-0,singlet
GGACGTCAGTAGATGT-1-0,singlet
GGACGTCGTCATGCAT-1-0,doublet
GGAGCAACAGCCTTTC-1-0,singlet
GGAGCAACATCGGGTC-1-0,singlet
GGAGCAATCAGCTCGG-1-0,singlet
GGATGTTAGAGCTGCA-1-0,singlet
GGATGTTCAATCTACG-1-0,doublet
GGATGTTCACAGATTC-1-0,singlet
GGATGTTCATCACGTA-1-0,singlet
GGATGTTGTCGTTGTA-1-0,singlet
GGATTACCAACTGGCC-1-0,singlet
GGATTACTCAACACCA-1-0,singlet
GGCAATTGTGTGGTTT-1-0,singlet
GGCCGATCACCAGTTA-1-0,doublet
GGCCGATCATCGGACC-1-0,singlet
GGCCGATGTCTCCCTA-1-0,singlet
GGCCGATGTGCCTGCA-1-0,doublet
GGCCGATGTTCCAACA-1-0,singlet
GGCCGATTCCAAAGTC-1-0,singlet
GGCCGATTCCTCATTA-1-0,singlet
GGCGACTAGCAGGTCA-1-0,doublet
GGCGACTAGGTCATCT-1-0,singlet
GGCGACTCACGCCAGT-1-0,singlet
GGCGACTGTGGTAACG-1-0,doublet
GGCGTGTAGATATACG-1-0,singlet
GGCGTGTAGTGCCAGA-1-0,singlet
GGCGTGTGTCTCTTTA-1-0,singlet
GGCTCGAAGACAGGCT-1-0,singlet
GGCTCGAAGGACTGGT-1-0,singlet
GGCTCGACAAAGAATC-1-0,singlet
GGCTCGACATTCTTAC-1-0,singlet
GGCTGGTAGCCAGAAC-1-0,singlet
GGCTGGTCATTTGCTT-1-0,singlet
GGCTGGTGTGGCCCTA-1-0,singlet
GGGAATGCAATAGAGT-1-0,singlet
GGGAATGCAGGGCATA-1-0,singlet
GGGAATGCATGGGAAC-1-0,singlet
GGGAATGGTACAGTTC-1-0,singlet
GGGAATGGTCGCATAT-1-0,singlet
GGGAATGGTTAGGGTG-1-0,singlet
GGGAATGTCCCGACTT-1-0,singlet
GGGAATGTCTCTGAGA-1-0,singlet
GGGACCTAGACTCGGA-1-0,singlet
GGGACCTAGCGCTTAT-1-0,singlet
GGGACCTCATCACGTA-1-0,singlet
GGGACCTTCGAATGCT-1-0,singlet
GGGACCTTCTGCTGTC-1-0,singlet
GGGAGATAGGGCTTCC-1-0,singlet
GGGAGATGTACAAGTA-1-0,singlet
GGGAGATGTACGCTGC-1-0,singlet
GGGATGAAGCAAATCA-1-0,singlet
GGGATGACAGGGATTG-1-0,singlet
GGGATGATCAGGATCT-1-0,singlet
GGGATGATCGAATGCT-1-0,singlet
GGGCACTCAGCTTAAC-1-0,doublet
GGGCACTCATACCATG-1-0,singlet
GGGCACTCATAGACTC-1-0,singlet
GGGCACTGTCGAACAG-1-0,singlet
GGGCACTGTTCCAACA-1-0,singlet
GGGCATCAGACTAGAT-1-0,singlet
GGGCATCAGACTCGGA-1-0,singlet
GGGCATCAGTATCGAA-1-0,singlet
GGGCATCTCGAACGGA-1-0,singlet
GGGTCTGAGTACGATA-1-0,singlet
GGGTCTGCAATTCCTT-1-0,singlet
GGGTCTGCAGATGAGC-1-0,singlet
GGGTCTGGTAACGACG-1-0,singlet
GGGTCTGGTTACCGAT-1-0,singlet
GGGTTGCCACGAAATA-1-0,singlet
GGGTTGCCAGTAACGG-1-0,singlet
GGGTTGCTCAAGGTAA-1-0,singlet
GGTATTGAGGAGTCTG-1-0,singlet
GGTATTGCAACCGCCA-1-0,singlet
GGTATTGGTCCGAACC-1-0,singlet
GGTATTGTCAAAGTAG-1-0,singlet
GGTATTGTCCTCATTA-1-0,singlet
GGTGAAGAGCGTGAAC-1-0,singlet
GGTGAAGCAAAGTCAA-1-0,singlet
GGTGAAGCACCATCCT-1-0,singlet
GGTGAAGCATTGGTAC-1-0,singlet
GGTGAAGGTAAGTAGT-1-0,singlet
GGTGAAGGTCGACTGC-1-0,singlet
GGTGAAGGTGCACTTA-1-0,doublet
GGTGCGTAGAACTGTA-1-0,singlet
GGTGCGTAGTACGTAA-1-0,singlet
GGTGCGTCAAGTTAAG-1-0,doublet
GGTGCGTGTCCGAAGA-1-0,singlet
GGTGCGTGTCGGGTCT-1-0,doublet
GGTGCGTGTTACGACT-1-0,singlet
GGTGCGTTCAATCACG-1-0,singlet
GGTGCGTTCGTTACAG-1-0,doublet
GGTGCGTTCGTTTGCC-1-0,singlet
GGTGTTAAGGAGTAGA-1-0,singlet
GGTGTTAAGTCAAGCG-1-0,singlet
GGTGTTATCCTAGTGA-1-0,singlet
GGTGTTATCTCTGAGA-1-0,doublet
GTAACGTAGAGCTGGT-1-0,doublet
GTAACGTCACGCCAGT-1-0,singlet
GTAACGTCAGTTAACC-1-0,singlet
GTAACGTCATGCGCAC-1-0,doublet
GTAACGTCATTGGTAC-1-0,singlet
GTAACGTTCGTTACGA-1-0,singlet
GTAACTGAGGACATTA-1-0,singlet
GTAACTGAGTGGTAGC-1-0,doublet
GTAACTGGTTGCGTTA-1-0,singlet
GTAACTGTCACCATAG-1-0,singlet
GTACGTAAGGATGCGT-1-0,singlet
GTACGTACAATACGCT-1-0,singlet
GTACGTAGTTTGACTG-1-0,singlet
GTACGTATCACATAGC-1-0,singlet
GTACGTATCATCTGTT-1-0,doublet
GTACTCCGTCAAAGAT-1-0,singlet
GTACTCCGTCAGAATA-1-0,singlet
GTACTTTAGAAACCTA-1-0,singlet
GTACTTTTCATTGCGA-1-0,singlet
GTACTTTTCCGTAGTA-1-0,singlet
GTAGGCCCATCCCATC-1-0,singlet
GTAGTCAAGATGTCGG-1-0,singlet
GTAGTCAAGGATGGAA-1-0,singlet
GTATCTTAGAATGTTG-1-0,singlet
GTATCTTAGCCCTAAT-1-0,singlet
GTATCTTGTCTGGTCG-1-0,singlet
GTATTCTCAAAGTCAA-1-0,singlet
GTCAAGTAGTGGAGAA-1-0,singlet
GTCAAGTCACTAAGTC-1-0,singlet
GTCAAGTCAGACGCTC-1-0,singlet
GTCAAGTTCTATCGCC-1-0,singlet
GTCACAACAGGTCTCG-1-0,singlet
GTCACAACATGGGACA-1-0,doublet
GTCACAAGTAAACACA-1-0,singlet
GTCACAAGTCGCATAT-1-0,singlet
GTCACAATCGTCGTTC-1-0,singlet
GTCACAATCTCTAGGA-1-0,singlet
GTCACGGAGTAGTGCG-1-0,singlet
GTCATTTGTACAGTGG-1-0,singlet
GTCATTTGTAGCCTAT-1-0,doublet
GTCATTTGTCGTTGTA-1-0,doublet
GTCCTCAAGACTGTAA-1-0,singlet
GTCCTCACAAACTGTC-1-0,singlet
GTCCTCAGTAAGAGAG-1-0,singlet
GTCCTCATCTTGACGA-1-0,singlet
GTCGGGTCAATACGCT-1-0,singlet
GTCGGGTCAGGTCCAC-1-0,singlet
GTCGGGTGTTTGGGCC-1-0,doublet
GTCGTAAAGCGTTCCG-1-0,doublet
GTCGTAAGTCCCTTGT-1-0,singlet
GTCGTAAGTCCGAACC-1-0,singlet
GTCGTAAGTCGCATAT-1-0,singlet
GTCGTAAGTCTGGAGA-1-0,singlet
GTCTCGTAGCAGCGTA-1-0,singlet
GTCTCGTAGGGAGTAA-1-0,singlet
GTCTCGTCAAGCCATT-1-0,singlet
GTCTTCGAGACTAGGC-1-0,doublet
GTCTTCGAGTGTGAAT-1-0,singlet
GTCTTCGCAAGCGAGT-1-0,singlet
GTCTTCGCACATCCAA-1-0,singlet
GTCTTCGTCAGCATGT-1-0,doublet
GTCTTCGTCATCGATG-1-0,singlet
GTCTTCGTCCAGTAGT-1-0,singlet
GTCTTCGTCCTAGGGC-1-0,singlet
GTGAAGGAGCTAGGCA-1-0,singlet
GTGAAGGAGTGAACGC-1-0,singlet
GTGAAGGTCCTGCCAT-1-0,singlet
GTGAAGGTCTTAGAGC-1-0,singlet
GTGCAGCGTCCATCCT-1-0,singlet
GTGCAGCGTTGACGTT-1-0,singlet
GTGCATAAGGACAGAA-1-0,doublet
GTGCATAAGGAGTAGA-1-0,singlet
GTGCATACACATGGGA-1-0,singlet
GTGCATACATACAGCT-1-0,singlet
GTGCATAGTGGTACAG-1-0,singlet
GTGCATAGTTAAAGTG-1-0,singlet
GTGCGGTAGTGTGAAT-1-0,singlet
GTGCGGTTCTACTATC-1-0,singlet
GTGCTTCTCCCAACGG-1-0,singlet
GTGCTTCTCTAACTTC-1-0,singlet
GTGGGTCAGACACGAC-1-0,singlet
GTGGGTCAGGACATTA-1-0,singlet
GTGGGTCCATTCCTGC-1-0,singlet
GTGTGCGAGAAACCTA-1-0,doublet
GTGTGCGCATTTCAGG-1-0,singlet
GTGTGCGTCACGGTTA-1-0,singlet
GTGTTAGAGTTTAGGA-1-0,singlet
GTGTTAGGTTCATGGT-1-0,singlet
GTGTTAGGTTCGCGAC-1-0,singlet
GTTAAGCAGAGATGAG-1-0,singlet
GTTAAGCGTACAGACG-1-0,singlet
GTTACAGAGAAGATTC-1-0,singlet
GTTACAGAGGATGCGT-1-0,doublet
GTTACAGCACGGTAGA-1-0,doublet
GTTACAGCAGATCTGT-1-0,singlet
GTTACAGGTCGACTAT-1-0,singlet
GTTCATTAGCTAACAA-1-0,singlet
GTTCATTGTGCTAGCC-1-0,doublet
GTTCATTTCAGGTTCA-1-0,singlet
GTTCATTTCTGCGACG-1-0,singlet
GTTCGGGCACTCAGGC-1-0,singlet
GTTCGGGCACTTAACG-1-0,singlet
GTTCTCGAGAAACCTA-1-0,singlet
GTTCTCGGTCTTCAAG-1-0,singlet
GTTCTCGTCCGTACAA-1-0,singlet
TAAACCGCAGACGCAA-1-0,doublet
TAAACCGCAGATCTGT-1-0,singlet
TAAACCGCAGTTCCCT-1-0,singlet
TAAACCGCATTATCTC-1-0,singlet
TAAACCGGTCTCATCC-1-0,singlet
TAAACCGTCCTATGTT-1-0,singlet
TAAGAGAAGCCCAGCT-1-0,singlet
TAAGAGAAGGAATCGC-1-0,singlet
TAAGAGAGTACCGCTG-1-0,doublet
TAAGCGTCATCCTAGA-1-0,singlet
TAAGCGTGTTCACGGC-1-0,singlet
TAAGCGTTCCATGAAC-1-0,singlet
TAAGTGCGTCTCTCTG-1-0,singlet
TAAGTGCGTGACTCAT-1-0,doublet
TACACGAAGACAGACC-1-0,singlet
TACACGAAGCGACGTA-1-0,doublet
TACACGAAGGCATGGT-1-0,singlet
TACACGAAGTCCATAC-1-0,singlet
TACACGAGTCTGGAGA-1-0,singlet
TACACGATCCCGGATG-1-0,doublet
TACAGTGAGGGAAACA-1-0,singlet
TACAGTGCATCCTTGC-1-0,singlet
TACAGTGGTTCGTCTC-1-0,singlet
TACCTATAGAGACTTA-1-0,singlet
TACCTATTCTTCGGTC-1-0,singlet
TACCTTAAGAGCTATA-1-0,singlet
TACCTTAGTCACACGC-1-0,singlet
TACCTTAGTCTTCAAG-1-0,doublet
TACCTTATCCAGTAGT-1-0,singlet
TACCTTATCCTAGTGA-1-0,singlet
TACGGATAGAGACTAT-1-0,doublet
TACGGATAGGTTCCTA-1-0,doublet
TACGGATCATCGTCGG-1-0,doublet
TACGGATTCCTTTCGG-1-0,doublet
TACGGGCAGACAGGCT-1-0,singlet
TACGGGCAGAGTCGGT-1-0,singlet
TACGGGCAGCCACGCT-1-0,singlet
TACGGGCGTTGCTCCT-1-0,singlet
TACGGTACAACACCTA-1-0,doublet
TACGGTACAATACGCT-1-0,doublet
TACGGTAGTCCGAATT-1-0,singlet
TACGGTAGTGTTGGGA-1-0,singlet
TACGGTATCTAAGCCA-1-0,singlet
TACTCATCAGAAGCAC-1-0,singlet
TACTCGCGTAAACGCG-1-0,singlet
TACTCGCGTACTTAGC-1-0,singlet
TACTCGCTCGGATGGA-1-0,singlet
TACTCGCTCTAACTGG-1-0,doublet
TACTTACGTGTGACGA-1-0,singlet
TACTTACGTTCGAATC-1-0,singlet
TACTTGTCAAGCCATT-1-0,singlet
TACTTGTTCCCAACGG-1-0,singlet
TACTTGTTCGAATCCA-1-0,singlet
TAGACCATCTGTACGA-1-0,singlet
TAGAGCTAGACAAGCC-1-0,singlet
TAGAGCTCAGACAAGC-1-0,singlet
TAGAGCTGTATATCCG-1-0,singlet
TAGAGCTGTTTGTGTG-1-0,singlet
TAGAGCTTCGAGGTAG-1-0,singlet
TAGCCGGAGACAATAC-1-0,singlet
TAGCCGGCACCGAAAG-1-0,singlet
TAGCCGGCACGAGAGT-1-0,singlet
TAGCCGGCATCACCCT-1-0,singlet
TAGCCGGCATGCTGGC-1-0,singlet
TAGCCGGGTGTGAATA-1-0,doublet
TAGCCGGTCGAATGGG-1-0,singlet
TAGGCATAGAGTAAGG-1-0,singlet
TAGGCATCACATTTCT-1-0,singlet
TAGGCATGTGTCCTCT-1-0,singlet
TAGGCATTCAATCACG-1-0,doublet
TAGGCATTCCGAAGAG-1-0,singlet
TAGTGGTAGTCTTGCA-1-0,singlet
TAGTGGTAGTGCTGCC-1-0,doublet
TAGTGGTCACCCAGTG-1-0,singlet
TAGTGGTCACTTCTGC-1-0,singlet
TAGTGGTCATCACCCT-1-0,singlet
TAGTGGTGTAAATGTG-1-0,singlet
TAGTGGTGTAACGACG-1-0,singlet
TAGTGGTGTATTCGTG-1-0,singlet
TAGTGGTGTCGCTTCT-1-0,doublet
TAGTGGTGTTACTGAC-1-0,singlet
TAGTGGTTCCAAACAC-1-0,singlet
TAGTTGGAGAACAATC-1-0,singlet
TAGTTGGAGAGCTTCT-1-0,singlet
TAGTTGGCAACTGCGC-1-0,singlet
TAGTTGGGTTTAGGAA-1-0,singlet
TAGTTGGTCACGGTTA-1-0,singlet
TAGTTGGTCGTTGCCT-1-0,singlet
TATCAGGCAACGATCT-1-0,singlet
TATCAGGGTTCGTGAT-1-0,doublet
TATCTCAAGCCAGTTT-1-0,singlet
TATCTCAAGGATGGAA-1-0,singlet
TATCTCACAGCTGTTA-1-0,singlet
TATCTCAGTGCAGACA-1-0,singlet
TATCTCATCTTCTGGC-1-0,singlet
TATGCCCAGAGTGACC-1-0,singlet
TATGCCCCAAGCCATT-1-0,singlet
TATGCCCGTAGCCTCG-1-0,singlet
TATGCCCGTAGGCATG-1-0,singlet
TATGCCCGTTCCAACA-1-0,doublet
TATTACCCAGTACACT-1-0,singlet
TATTACCCATCACAAC-1-0,singlet
TATTACCGTAGAGCTG-1-0,singlet
TATTACCTCATCACCC-1-0,singlet
TATTACCTCTGCCCTA-1-0,singlet
TCAACGAAGTGGTCCC-1-0,singlet
TCAACGACATTGGTAC-1-0,singlet
TCAACGATCCTGCAGG-1-0,singlet
TCAACGATCTTGAGGT-1-0,singlet
TCAATCTTCACCAGGC-1-0,singlet
TCAATCTTCATCTGTT-1-0,singlet
TCACAAGAGCGATAGC-1-0,singlet
TCACAAGCACGCTTTC-1-0,singlet
TCACGAAAGCGGCTTC-1-0,singlet
TCACGAAAGGAGTACC-1-0,singlet
TCACGAAAGTTGTCGT-1-0,singlet
TCACGAACATCCGCGA-1-0,singlet
TCACGAAGTACAGTTC-1-0,singlet
TCACGAAGTTGTGGCC-1-0,singlet
TCACGAATCTAACTGG-1-0,doublet
TCACGAATCTGATTCT-1-0,singlet
TCAGATGAGCCACGCT-1-0,singlet
TCAGATGAGTTTCCTT-1-0,singlet
TCAGATGGTGCTCTTC-1-0,singlet
TCAGATGTCCGCAAGC-1-0,singlet
TCAGCAAAGTCAAGCG-1-0,singlet
TCAGCAAGTGGTTTCA-1-0,singlet
TCAGCAAGTTCAGTAC-1-0,doublet
TCAGCAATCTCGCTTG-1-0,singlet
TCAGCTCAGTTAACGA-1-0,singlet
TCAGCTCGTTCGCTAA-1-0,singlet
TCAGGATAGCTCCCAG-1-0,singlet
TCAGGATAGCTGTCTA-1-0,singlet
TCAGGATCAGCCACCA-1-0,singlet
TCAGGATGTCCATGAT-1-0,singlet
TCAGGATTCCCAAGAT-1-0,singlet
TCAGGTAAGCGATATA-1-0,doublet
TCAGGTAGTCAAAGAT-1-0,singlet
TCAGGTATCCCGGATG-1-0,singlet
TCAGGTATCTAACGGT-1-0,singlet
TCATTACAGAGAGCTC-1-0,singlet
TCATTACTCACGACTA-1-0,singlet
TCATTTGAGATGCCTT-1-0,singlet
TCATTTGAGGAGTTGC-1-0,singlet
TCATTTGCAGAGCCAA-1-0,singlet
TCATTTGGTGTCGCTG-1-0,singlet
TCATTTGTCACCGGGT-1-0,singlet
TCCACACGTTAAAGTG-1-0,singlet
TCCCGATAGCTCTCGG-1-0,singlet
TCCCGATCAATCTACG-1-0,singlet
TCCCGATCACATCCGG-1-0,singlet
TCCCGATCAGGGTACA-1-0,singlet
TCCCGATCATCCCATC-1-0,singlet
TCCCGATGTGGACGAT-1-0,singlet
TCCCGATGTTCTGTTT-1-0,singlet
TCGAGGCAGTTATCGC-1-0,singlet
TCGAGGCCATGCCTAA-1-0,singlet
TCGCGAGAGTGCGTGA-1-0,singlet
TCGCGAGCAACACCTA-1-0,singlet
TCGCGAGCACGAAACG-1-0,singlet
TCGCGAGGTGGGTCAA-1-0,singlet
TCGCGAGTCCGTCAAA-1-0,singlet
TCGCGTTAGGAGTTTA-1-0,singlet
TCGCGTTCAAATCCGT-1-0,singlet
TCGCGTTCAATGGTCT-1-0,singlet
TCGCGTTTCCAGAAGG-1-0,singlet
TCGCGTTTCGGAATCT-1-0,singlet
TCGGGACAGTAGATGT-1-0,singlet
TCGGGACGTGCGGTAA-1-0,singlet
TCGGGACTCTGCGACG-1-0,singlet
TCGGTAAAGAACTGTA-1-0,singlet
TCGGTAAAGATGCGAC-1-0,singlet
TCGGTAAAGCTGTCTA-1-0,singlet
TCGGTAAAGTACGCCC-1-0,singlet
TCGGTAAAGTACTTGC-1-0,singlet
TCGGTAAGTAGAAAGG-1-0,singlet
TCGGTAAGTCAGTGGA-1-0,doublet
TCGTACCGTGACGCCT-1-0,singlet
TCGTACCTCGTTGACA-1-0,doublet
TCGTAGAAGATCGATA-1-0,singlet
TCGTAGACACAGAGGT-1-0,singlet
TCGTAGACATTACCTT-1-0,doublet
TCGTAGATCTGCTGCT-1-0,doublet
TCTATTGAGACTTGAA-1-0,singlet
TCTATTGCATCGATGT-1-0,singlet
TCTATTGCATCTCGCT-1-0,singlet
TCTATTGGTCTTCTCG-1-0,singlet
TCTATTGTCTTGCCGT-1-0,doublet
TCTCATAGTGAGTATA-1-0,singlet
TCTCATAGTTGATTCG-1-0,singlet
TCTCTAACAACACCCG-1-0,doublet
TCTCTAACAGTACACT-1-0,doublet
TCTCTAAGTGCAACGA-1-0,doublet
TCTCTAATCAAACCAC-1-0,singlet
TCTGAGAAGACTTGAA-1-0,singlet
TCTGAGAAGAGTCTGG-1-0,singlet
TCTGAGACAGCTCGAC-1-0,doublet
TCTGAGACATTTGCCC-1-0,singlet
TCTGAGAGTACGACCC-1-0,singlet
TCTGAGATCAGCTGGC-1-0,singlet
TCTGGAAAGAGGTAGA-1-0,singlet
TCTGGAAAGGGCACTA-1-0,singlet
TCTGGAAAGTCGTACT-1-0,singlet
TCTGGAACAGATGGCA-1-0,singlet
TCTGGAACATGTCTCC-1-0,singlet
TCTTCGGCACAGATTC-1-0,singlet
TCTTCGGCAGCTTAAC-1-0,singlet
TCTTCGGGTTCCACAA-1-0,singlet
TCTTCGGTCAGGCCCA-1-0,doublet
TCTTCGGTCATGCATG-1-0,singlet
TCTTTCCCACTGTGTA-1-0,doublet
TCTTTCCGTCCTCCAT-1-0,singlet
TCTTTCCGTGATGCCC-1-0,singlet
TGAAAGACAGTCTTCC-1-0,doublet
TGAAAGACATGTTGAC-1-0,singlet
TGAAAGAGTGTCTGAT-1-0,singlet
TGAAAGAGTTCCATGA-1-0,singlet
TGAAAGATCGAATCCA-1-0,doublet
TGACAACAGTCCCACG-1-0,singlet
TGACAACGTACGCTGC-1-0,singlet
TGACAACGTATTCTCT-1-0,singlet
TGACAACGTCATATCG-1-0,singlet
TGACAACGTTCTGTTT-1-0,singlet
TGACAACGTTGTACAC-1-0,singlet
TGACGGCAGCGCTCCA-1-0,doublet
TGACGGCCAGGATCGA-1-0,singlet
TGACGGCGTAGCCTCG-1-0,singlet
TGACTAGAGTGTCCAT-1-0,doublet
TGACTAGCAGGAATCG-1-0,doublet
TGACTAGCATCACAAC-1-0,singlet
TGACTAGTCAGCGACC-1-0,singlet
TGACTAGTCTGTTTGT-1-0,singlet
TGACTTTTCAAGAAGT-1-0,doublet
TGACTTTTCAGGTTCA-1-0,singlet
TGAGAGGAGAGGTTGC-1-0,singlet
TGAGAGGAGTAGCGGT-1-0,singlet
TGAGAGGGTGCATCTA-1-0,singlet
TGAGAGGTCCAGGGCT-1-0,singlet
TGAGAGGTCGCAAGCC-1-0,doublet
TGAGCATCACGGACAA-1-0,singlet
TGAGCATCATGGGACA-1-0,singlet
TGAGCATTCGCAGGCT-1-0,singlet
TGAGCCGAGCCCGAAA-1-0,singlet
TGAGCCGAGCTACCGC-1-0,doublet
TGAGCCGCATTGAGCT-1-0,doublet
TGAGCCGGTCCCTACT-1-0,singlet
TGAGCCGGTTGAACTC-1-0,singlet
TGAGCCGGTTGGACCC-1-0,singlet
TGAGCCGTCAGCATGT-1-0,singlet
TGAGGGAAGGCATTGG-1-0,singlet
TGAGGGACAAGAAAGG-1-0,singlet
TGAGGGATCCCATTTA-1-0,singlet
TGATTTCCAAGCCGCT-1-0,singlet
TGCACCTCAGTATAAG-1-0,singlet
TGCACCTGTGTGAATA-1-0,singlet
TGCACCTTCAACCAAC-1-0,singlet
TGCACCTTCAGGATCT-1-0,singlet
TGCCAAACATGCCTAA-1-0,singlet
TGCCAAAGTAAGCACG-1-0,singlet
TGCCAAATCCGTAGGC-1-0,singlet
TGCCAAATCGTTACAG-1-0,doublet
TGCCCATCAGTATAAG-1-0,singlet
TGCCCATGTTCCTCCA-1-0,doublet
TGCCCATTCGTGGGAA-1-0,singlet
TGCCCTAAGACTAGGC-1-0,singlet
TGCCCTAAGAGTGACC-1-0,singlet
TGCCCTACACCATGTA-1-0,singlet
TGCCCTAGTAGTAGTA-1-0,singlet
TGCCCTAGTCAACTGT-1-0,singlet
TGCGCAGAGGTGCTTT-1-0,singlet
TGCGCAGCATATGCTG-1-0,singlet
TGCGCAGGTACGACCC-1-0,doublet
TGCGCAGGTAGCTAAA-1-0,doublet
TGCGCAGTCGTACCGG-1-0,doublet
TGCGGGTAGGATCGCA-1-0,singlet
TGCGTGGAGTCGTTTG-1-0,singlet
TGCTACCGTACCCAAT-1-0,singlet
TGCTACCGTCTCTCGT-1-0,singlet
TGCTACCTCGTTACGA-1-0,doublet
TGCTGCTAGATAGTCA-1-0,singlet
TGCTGCTCAATCCGAT-1-0,singlet
TGCTGCTGTCTGCAAT-1-0,singlet
TGCTGCTTCTGCGTAA-1-0,doublet
TGGACGCCATGTCGAT-1-0,singlet
TGGACGCTCCAAACTG-1-0,doublet
TGGCCAGGTCTCGTTC-1-0,doublet
TGGCGCACACCAACCG-1-0,doublet
TGGCGCAGTTATCCGA-1-0,singlet
TGGCGCATCCTTGGTC-1-0,singlet
TGGCTGGAGACAAGCC-1-0,singlet
TGGCTGGAGATGTTAG-1-0,singlet
TGGCTGGGTAAAGGAG-1-0,doublet
TGGCTGGTCAGTACGT-1-0,singlet
TGGCTGGTCATGTCCC-1-0,singlet
TGGCTGGTCCAAGCCG-1-0,singlet
TGGCTGGTCTAACTGG-1-0,singlet
TGGGAAGAGATCGATA-1-0,singlet
TGGGAAGAGTGACTCT-1-0,singlet
TGGGAAGGTTCTGTTT-1-0,singlet
TGGGAAGTCGGAGCAA-1-0,singlet
TGGGCGTAGGACAGAA-1-0,doublet
TGGGCGTGTCGACTGC-1-0,singlet
TGGGCGTGTTGCGTTA-1-0,singlet
TGGTTAGCAGCGAACA-1-0,singlet
TGGTTCCAGGGAACGG-1-0,singlet
TGGTTCCCAACACGCC-1-0,singlet
TGGTTCCCATCTCCCA-1-0,singlet
TGTATTCAGTATCGAA-1-0,singlet
TGTATTCGTCGACTAT-1-0,singlet
TGTATTCTCATTTGGG-1-0,doublet
TGTATTCTCGCACTCT-1-0,singlet
TGTCCCAAGATGCCTT-1-0,singlet
TGTCCCAAGGGTCTCC-1-0,singlet
TGTCCCATCGTTGACA-1-0,doublet
TGTCCCATCTAACCGA-1-0,singlet
TGTGGTAAGACGCAAC-1-0,singlet
TGTGGTAAGGACACCA-1-0,singlet
TGTGGTAAGTGCGATG-1-0,singlet
TGTGGTAGTACTTCTT-1-0,singlet
TGTGGTAGTCCGTCAG-1-0,singlet
TGTGGTAGTTTGGGCC-1-0,singlet
TGTGGTATCATTATCC-1-0,singlet
TGTGTTTAGTCCGGTC-1-0,singlet
TGTGTTTCACTCTGTC-1-0,singlet
TGTGTTTCATGATCCA-1-0,singlet
TGTGTTTTCCGCATCT-1-0,singlet
TGTTCCGGTTAGATGA-1-0,singlet
TGTTCCGTCCCTTGTG-1-0,singlet
TGTTCCGTCTAACTGG-1-0,singlet
TTAACTCAGACAAAGG-1-0,singlet
TTAACTCAGAGCAATT-1-0,singlet
TTAACTCAGCCCAGCT-1-0,singlet
TTAGGACGTTGCGCAC-1-0,doublet
TTAGGACTCAGAAATG-1-0,singlet
TTAGGACTCCAGATCA-1-0,doublet
TTAGGACTCTTGCATT-1-0,negative
TTAGGCAAGGACGAAA-1-0,singlet
TTAGGCACAAAGTGCG-1-0,negative
TTAGGCACAATTGCTG-1-0,singlet
TTAGGCACAGCTGGCT-1-0,doublet
TTAGGCACATCACGAT-1-0,doublet
TTAGGCAGTACCATCA-1-0,singlet
TTAGGCAGTCACTTCC-1-0,doublet
TTAGGCAGTGTGAAAT-1-0,singlet
TTAGGCATCACGACTA-1-0,singlet
TTAGTTCAGCTAGTCT-1-0,singlet
TTAGTTCGTTAGTGGG-1-0,singlet
TTAGTTCTCAAAGTAG-1-0,singlet
TTAGTTCTCAACGGGA-1-0,singlet
TTATGCTAGCCAGTTT-1-0,doublet
TTATGCTAGCTCTCGG-1-0,singlet
TTATGCTCATCCCACT-1-0,singlet
TTATGCTGTTCATGGT-1-0,singlet
TTCCCAGAGTAGATGT-1-0,doublet
TTCCCAGCACCGATAT-1-0,singlet
TTCCCAGCAGATGGGT-1-0,singlet
TTCCCAGCATCCCACT-1-0,singlet
TTCCCAGTCAGTCCCT-1-0,singlet
TTCGGTCAGAATGTTG-1-0,singlet
TTCGGTCCAAGACGTG-1-0,singlet
TTCTACAGTGCAGTAG-1-0,singlet
TTCTACATCATGCTCC-1-0,singlet
TTCTCAAAGGATCGCA-1-0,doublet
TTCTCAAAGTAGTGCG-1-0,singlet
TTCTCAACATGCATGT-1-0,singlet
TTCTCAACATGGTCAT-1-0,singlet
TTCTCAAGTTTCGCTC-1-0,singlet
TTCTCAATCTCTGTCG-1-0,singlet
TTCTCCTAGCTGCCCA-1-0,singlet
TTCTCCTAGGCATTGG-1-0,singlet
TTCTCCTCATCCTAGA-1-0,singlet
TTCTCCTCATGACGGA-1-0,singlet
TTCTCCTGTTGCGTTA-1-0,singlet
TTCTCCTTCACAATGC-1-0,singlet
TTCTCCTTCTTGCCGT-1-0,doublet
TTCTTAGGTCGCGGTT-1-0,singlet
TTCTTAGGTGATGCCC-1-0,singlet
TTCTTAGTCGCCTGTT-1-0,singlet
TTCTTAGTCTGTCCGT-1-0,singlet
TTGAACGAGATTACCC-1-0,singlet
TTGAACGAGGAGTACC-1-0,singlet
TTGAACGAGGGCTCTC-1-0,singlet
TTGAACGCACATCCGG-1-0,singlet
TTGAACGCACGCGAAA-1-0,doublet
TTGAACGGTACCGTTA-1-0,singlet
TTGAACGGTCTACCTC-1-0,singlet
TTGACTTCAGCATACT-1-0,doublet
TTGACTTGTACCGAGA-1-0,singlet
TTGACTTGTACCGTTA-1-0,singlet
TTGACTTTCAGTTGAC-1-0,singlet
TTGACTTTCTACTCAT-1-0,singlet
TTGCCGTAGAGTGACC-1-0,doublet
TTGCCGTAGCCCAGCT-1-0,doublet
TTGCCGTGTTCCATGA-1-0,singlet
TTGCCGTTCCGTTGCT-1-0,doublet
TTGCCGTTCGCACTCT-1-0,singlet
TTGCCGTTCGCTAGCG-1-0,singlet
TTGCCGTTCTCTAGGA-1-0,doublet
TTGCCGTTCTTTAGGG-1-0,singlet
TTGCGTCAGCTAGTTC-1-0,singlet
TTGCGTCCACAGATTC-1-0,doublet
TTGCGTCGTAGCGTAG-1-0,singlet
TTGCGTCGTATCAGTC-1-0,doublet
TTGCGTCTCCGCAAGC-1-0,singlet
TTGCGTCTCCGCGCAA-1-0,singlet
TTGGAACAGGTAAACT-1-0,singlet
TTGGAACAGTCGAGTG-1-0,singlet
TTGGAACCATCGTCGG-1-0,singlet
TTGGAACTCAGTTAGC-1-0,singlet
TTGGCAAAGCGACGTA-1-0,singlet
TTGGCAAAGGACACCA-1-0,singlet
TTGGCAACAGATCTGT-1-0,singlet
TTGGCAAGTCGGCTCA-1-0,singlet
TTGTAGGAGGTGCAAC-1-0,singlet
TTGTAGGGTAAACGCG-1-0,singlet
TTGTAGGGTCGTCTTC-1-0,doublet
TTGTAGGTCCTAAGTG-1-0,singlet
TTGTAGGTCGTACCGG-1-0,singlet
TTTACTGAGAGGTTAT-1-0,singlet
TTTACTGAGTGGGTTG-1-0,singlet
TTTACTGCAGCTGTTA-1-0,singlet
TTTACTGGTAAGGGAA-1-0,singlet
TTTACTGGTCGCGAAA-1-0,singlet
TTTATGCTCTATCCTA-1-0,singlet
TTTCCTCAGCTAGTCT-1-0,singlet
TTTCCTCAGGATGCGT-1-0,singlet
TTTCCTCAGGTGCACA-1-0,singlet
TTTCCTCTCCGCGGTA-1-0,singlet
TTTCCTCTCTCTGTCG-1-0,singlet
TTTGCGCAGACTGTAA-1-0,singlet
TTTGCGCAGTAACCCT-1-0,singlet
TTTGCGCAGTTCGATC-1-0,doublet
TTTGCGCGTGTAACGG-1-0,singlet
TTTGCGCGTTGGTGGA-1-0,singlet
TTTGCGCTCTGCTTGC-1-0,singlet
TTTGGTTGTCAAGCGA-1-0,singlet
TTTGTCAGTCTGGAGA-1-0,singlet
